"week","name","state","value"
1,"2002-03","New South Wales",347
1,"2002-03","Queensland",731
1,"2002-03","Victoria",1.6
1,"2003-04","New South Wales",69
1,"2003-04","Queensland",433
1,"2003-04","Victoria",5.4
1,"2004-05","New South Wales",409
1,"2004-05","Queensland",860
1,"2004-05","Victoria",20.3
1,"2005-06","New South Wales",104
1,"2005-06","Queensland",266
1,"2005-06","Victoria",12.5
1,"2006-07","New South Wales",154
1,"2006-07","Queensland",457
1,"2006-07","Victoria",6.5
1,"2007-08","New South Wales",111
1,"2007-08","Queensland",603
1,"2007-08","Victoria",3.6
1,"2008-09","New South Wales",131
1,"2008-09","Queensland",478
1,"2008-09","Victoria",5.4
1,"2009-10","New South Wales",65
1,"2009-10","Queensland",397
1,"2009-10","Victoria",14.4
1,"2010-11","New South Wales",23
1,"2010-11","Queensland",185
1,"2010-11","Victoria",6.4
1,"2011-12","New South Wales",181
1,"2011-12","Queensland",841
1,"2011-12","Victoria",7.5
1,"2012-13","New South Wales",99
1,"2012-13","Queensland",553
1,"2012-13","Victoria",2.6
1,"2013-14","New South Wales",122
1,"2013-14","Queensland",477
1,"2013-14","Victoria",15.3
1,"2014-15","New South Wales",173
1,"2014-15","Queensland",1041
1,"2014-15","Victoria",4.5
1,"2015-16","New South Wales",55
1,"2015-16","Queensland",280
1,"2015-16","Victoria",7.4
1,"2016-17","New South Wales",40.1
1,"2016-17","Queensland",647
1,"2016-17","Victoria",5.5
1,"2017-18","New South Wales",131
1,"2017-18","Queensland",355
1,"2017-18","Victoria",18.3
1,"2018-19","New South Wales",216
1,"2018-19","Queensland",505
1,"2018-19","Victoria",12.4
1,"2019-20","New South Wales",252
1,"2019-20","Queensland",713
1,"2019-20","Victoria",28.1
2,"2002-03","New South Wales",566
2,"2002-03","Queensland",773
2,"2002-03","Victoria",16.3
2,"2003-04","New South Wales",74
2,"2003-04","Queensland",338
2,"2003-04","Victoria",11.3
2,"2004-05","New South Wales",143
2,"2004-05","Queensland",679
2,"2004-05","Victoria",5.6
2,"2005-06","New South Wales",28.1
2,"2005-06","Queensland",502
2,"2005-06","Victoria",1.6
2,"2006-07","New South Wales",357
2,"2006-07","Queensland",431
2,"2006-07","Victoria",17.3
2,"2007-08","New South Wales",126.1
2,"2007-08","Queensland",713
2,"2007-08","Victoria",1.6
2,"2008-09","New South Wales",49
2,"2008-09","Queensland",220
2,"2008-09","Victoria",6.3
2,"2009-10","New South Wales",92
2,"2009-10","Queensland",601
2,"2009-10","Victoria",21.3
2,"2010-11","New South Wales",42
2,"2010-11","Queensland",251
2,"2010-11","Victoria",7.4
2,"2011-12","New South Wales",124
2,"2011-12","Queensland",1002
2,"2011-12","Victoria",2.5
2,"2012-13","New South Wales",75.2
2,"2012-13","Queensland",163
2,"2012-13","Victoria",5.4
2,"2013-14","New South Wales",84.1
2,"2013-14","Queensland",262
2,"2013-14","Victoria",14.3
2,"2014-15","New South Wales",260
2,"2014-15","Queensland",931
2,"2014-15","Victoria",2.6
2,"2015-16","New South Wales",32.2
2,"2015-16","Queensland",1115
2,"2015-16","Victoria",2.6
2,"2016-17","New South Wales",41
2,"2016-17","Queensland",702
2,"2016-17","Victoria",2.6
2,"2017-18","New South Wales",200
2,"2017-18","Queensland",465
2,"2017-18","Victoria",5.3
2,"2018-19","New South Wales",299
2,"2018-19","Queensland",1231
2,"2018-19","Victoria",22.2
2,"2019-20","New South Wales",98.1
2,"2019-20","Queensland",576
2,"2019-20","Victoria",0.7
3,"2002-03","New South Wales",376
3,"2002-03","Queensland",821
3,"2002-03","Victoria",5.4
3,"2003-04","New South Wales",230
3,"2003-04","Queensland",442
3,"2003-04","Victoria",9.6
3,"2004-05","New South Wales",315
3,"2004-05","Queensland",682
3,"2004-05","Victoria",2.5
3,"2005-06","New South Wales",107
3,"2005-06","Queensland",646
3,"2005-06","Victoria",13.5
3,"2006-07","New South Wales",38
3,"2006-07","Queensland",186
3,"2006-07","Victoria",3.5
3,"2007-08","New South Wales",206
3,"2007-08","Queensland",803
3,"2007-08","Victoria",1.6
3,"2008-09","New South Wales",89
3,"2008-09","Queensland",299
3,"2008-09","Victoria",5.5
3,"2009-10","New South Wales",124.1
3,"2009-10","Queensland",814
3,"2009-10","Victoria",15.4
3,"2010-11","New South Wales",54
3,"2010-11","Queensland",377
3,"2010-11","Victoria",0.7
3,"2011-12","New South Wales",71.1
3,"2011-12","Queensland",831
3,"2011-12","Victoria",11.4
3,"2012-13","New South Wales",39.1
3,"2012-13","Queensland",228
3,"2012-13","Victoria",1.6
3,"2013-14","New South Wales",29.2
3,"2013-14","Queensland",274
3,"2013-14","Victoria",1.6
3,"2014-15","New South Wales",97.1
3,"2014-15","Queensland",938
3,"2014-15","Victoria",1.6
3,"2015-16","New South Wales",31
3,"2015-16","Queensland",895
3,"2015-16","Victoria",14.4
3,"2016-17","New South Wales",78
3,"2016-17","Queensland",264
3,"2016-17","Victoria",2.5
3,"2017-18","New South Wales",199.1
3,"2017-18","Queensland",1112
3,"2017-18","Victoria",2.5
3,"2018-19","New South Wales",461
3,"2018-19","Queensland",659
3,"2018-19","Victoria",8.3
3,"2019-20","New South Wales",418
3,"2019-20","Queensland",1213
3,"2019-20","Victoria",1.6
4,"2002-03","New South Wales",393
4,"2002-03","Queensland",932
4,"2002-03","Victoria",11.3
4,"2003-04","New South Wales",167.1
4,"2003-04","Queensland",308
4,"2003-04","Victoria",2.5
4,"2004-05","New South Wales",164
4,"2004-05","Queensland",439
4,"2004-05","Victoria",2.5
4,"2005-06","New South Wales",250
4,"2005-06","Queensland",741
4,"2005-06","Victoria",6.3
4,"2006-07","New South Wales",37.1
4,"2006-07","Queensland",385
4,"2006-07","Victoria",3.4
4,"2007-08","New South Wales",150
4,"2007-08","Queensland",671
4,"2007-08","Victoria",12.2
4,"2008-09","New South Wales",70
4,"2008-09","Queensland",186.2
4,"2008-09","Victoria",6.4
4,"2009-10","New South Wales",128.1
4,"2009-10","Queensland",679
4,"2009-10","Victoria",4.4
4,"2010-11","New South Wales",50
4,"2010-11","Queensland",346
4,"2010-11","Victoria",0.7
4,"2011-12","New South Wales",207
4,"2011-12","Queensland",1444
4,"2011-12","Victoria",15.3
4,"2012-13","New South Wales",55
4,"2012-13","Queensland",805
4,"2012-13","Victoria",1.6
4,"2013-14","New South Wales",123
4,"2013-14","Queensland",533
4,"2013-14","Victoria",0.7
4,"2014-15","New South Wales",158
4,"2014-15","Queensland",902
4,"2014-15","Victoria",4.5
4,"2015-16","New South Wales",23
4,"2015-16","Queensland",307
4,"2015-16","Victoria",6.5
4,"2016-17","New South Wales",84.2
4,"2016-17","Queensland",763
4,"2016-17","Victoria",4.5
4,"2017-18","New South Wales",372
4,"2017-18","Queensland",965
4,"2017-18","Victoria",2.6
4,"2018-19","New South Wales",483
4,"2018-19","Queensland",1238
4,"2018-19","Victoria",10.4
4,"2019-20","New South Wales",445
4,"2019-20","Queensland",1496
4,"2019-20","Victoria",21.4
5,"2002-03","New South Wales",99
5,"2002-03","Queensland",352
5,"2002-03","Victoria",2.6
5,"2003-04","New South Wales",361
5,"2003-04","Queensland",672
5,"2003-04","Victoria",3.5
5,"2004-05","New South Wales",162
5,"2004-05","Queensland",416
5,"2004-05","Victoria",3.4
5,"2005-06","New South Wales",286
5,"2005-06","Queensland",475
5,"2005-06","Victoria",19.2
5,"2006-07","New South Wales",138
5,"2006-07","Queensland",822
5,"2006-07","Victoria",0.7
5,"2007-08","New South Wales",279
5,"2007-08","Queensland",1248
5,"2007-08","Victoria",2.5
5,"2008-09","New South Wales",78
5,"2008-09","Queensland",855
5,"2008-09","Victoria",2.6
5,"2009-10","New South Wales",213
5,"2009-10","Queensland",895
5,"2009-10","Victoria",3.5
5,"2010-11","New South Wales",37.1
5,"2010-11","Queensland",538
5,"2010-11","Victoria",0.7
5,"2011-12","New South Wales",432
5,"2011-12","Queensland",1528
5,"2011-12","Victoria",14.3
5,"2012-13","New South Wales",206
5,"2012-13","Queensland",1336
5,"2012-13","Victoria",15.4
5,"2013-14","New South Wales",90
5,"2013-14","Queensland",656
5,"2013-14","Victoria",9.5
5,"2014-15","New South Wales",631
5,"2014-15","Queensland",878
5,"2014-15","Victoria",8.4
5,"2015-16","New South Wales",102
5,"2015-16","Queensland",539
5,"2015-16","Victoria",2.6
5,"2016-17","New South Wales",263
5,"2016-17","Queensland",1101
5,"2016-17","Victoria",5.5
5,"2017-18","New South Wales",319
5,"2017-18","Queensland",671
5,"2017-18","Victoria",20.3
5,"2018-19","New South Wales",439
5,"2018-19","Queensland",1118
5,"2018-19","Victoria",16.3
5,"2019-20","New South Wales",217
5,"2019-20","Queensland",671
5,"2019-20","Victoria",8.5
6,"2002-03","New South Wales",361.1
6,"2002-03","Queensland",575
6,"2002-03","Victoria",17.5
6,"2003-04","New South Wales",309
6,"2003-04","Queensland",408
6,"2003-04","Victoria",19.2
6,"2004-05","New South Wales",124
6,"2004-05","Queensland",926
6,"2004-05","Victoria",0.7
6,"2005-06","New South Wales",296
6,"2005-06","Queensland",655
6,"2005-06","Victoria",0.7
6,"2006-07","New South Wales",348
6,"2006-07","Queensland",1521
6,"2006-07","Victoria",16.3
6,"2007-08","New South Wales",796
6,"2007-08","Queensland",1128
6,"2007-08","Victoria",4.5
6,"2008-09","New South Wales",102
6,"2008-09","Queensland",999
6,"2008-09","Victoria",1.6
6,"2009-10","New South Wales",227
6,"2009-10","Queensland",1017
6,"2009-10","Victoria",5.4
6,"2010-11","New South Wales",93.1
6,"2010-11","Queensland",515
6,"2010-11","Victoria",1.6
6,"2011-12","New South Wales",106
6,"2011-12","Queensland",1600
6,"2011-12","Victoria",13.4
6,"2012-13","New South Wales",350
6,"2012-13","Queensland",2593
6,"2012-13","Victoria",4.5
6,"2013-14","New South Wales",233
6,"2013-14","Queensland",1543
6,"2013-14","Victoria",1.6
6,"2014-15","New South Wales",232
6,"2014-15","Queensland",699
6,"2014-15","Victoria",4.6
6,"2015-16","New South Wales",152
6,"2015-16","Queensland",996
6,"2015-16","Victoria",1.6
6,"2016-17","New South Wales",80.1
6,"2016-17","Queensland",759
6,"2016-17","Victoria",3.5
6,"2017-18","New South Wales",375
6,"2017-18","Queensland",561
6,"2017-18","Victoria",4.5
6,"2018-19","New South Wales",419
6,"2018-19","Queensland",657
6,"2018-19","Victoria",10.2
6,"2019-20","New South Wales",750
6,"2019-20","Queensland",596
6,"2019-20","Victoria",1.6
7,"2002-03","New South Wales",523
7,"2002-03","Queensland",754
7,"2002-03","Victoria",8.4
7,"2003-04","New South Wales",76
7,"2003-04","Queensland",665
7,"2003-04","Victoria",0.7
7,"2004-05","New South Wales",292
7,"2004-05","Queensland",1359
7,"2004-05","Victoria",11.3
7,"2005-06","New South Wales",299
7,"2005-06","Queensland",760
7,"2005-06","Victoria",13.3
7,"2006-07","New South Wales",446
7,"2006-07","Queensland",1511
7,"2006-07","Victoria",22.3
7,"2007-08","New South Wales",247
7,"2007-08","Queensland",658
7,"2007-08","Victoria",1.6
7,"2008-09","New South Wales",260
7,"2008-09","Queensland",1147
7,"2008-09","Victoria",1.6
7,"2009-10","New South Wales",408
7,"2009-10","Queensland",2499
7,"2009-10","Victoria",5.4
7,"2010-11","New South Wales",114.1
7,"2010-11","Queensland",1524
7,"2010-11","Victoria",0.7
7,"2011-12","New South Wales",92.1
7,"2011-12","Queensland",2017
7,"2011-12","Victoria",3.6
7,"2012-13","New South Wales",246
7,"2012-13","Queensland",2336
7,"2012-13","Victoria",3.5
7,"2013-14","New South Wales",316
7,"2013-14","Queensland",857
7,"2013-14","Victoria",12.3
7,"2014-15","New South Wales",250.1
7,"2014-15","Queensland",632
7,"2014-15","Victoria",9.4
7,"2015-16","New South Wales",272
7,"2015-16","Queensland",850
7,"2015-16","Victoria",2.6
7,"2016-17","New South Wales",204
7,"2016-17","Queensland",631
7,"2016-17","Victoria",26.2
7,"2017-18","New South Wales",699
7,"2017-18","Queensland",1007
7,"2017-18","Victoria",26.5
7,"2018-19","New South Wales",850
7,"2018-19","Queensland",954
7,"2018-19","Victoria",7.3
7,"2019-20","New South Wales",508
7,"2019-20","Queensland",887
7,"2019-20","Victoria",2.6
8,"2002-03","New South Wales",256
8,"2002-03","Queensland",360
8,"2002-03","Victoria",9.2
8,"2003-04","New South Wales",122
8,"2003-04","Queensland",710
8,"2003-04","Victoria",8.4
8,"2004-05","New South Wales",276
8,"2004-05","Queensland",968
8,"2004-05","Victoria",24.2
8,"2005-06","New South Wales",324.1
8,"2005-06","Queensland",1664
8,"2005-06","Victoria",2.5
8,"2006-07","New South Wales",646
8,"2006-07","Queensland",2182
8,"2006-07","Victoria",7.4
8,"2007-08","New South Wales",71
8,"2007-08","Queensland",178
8,"2007-08","Victoria",12.2
8,"2008-09","New South Wales",254
8,"2008-09","Queensland",920
8,"2008-09","Victoria",5.5
8,"2009-10","New South Wales",488
8,"2009-10","Queensland",1700
8,"2009-10","Victoria",21.2
8,"2010-11","New South Wales",114.1
8,"2010-11","Queensland",909
8,"2010-11","Victoria",6.5
8,"2011-12","New South Wales",132.1
8,"2011-12","Queensland",2024
8,"2011-12","Victoria",8.4
8,"2012-13","New South Wales",231
8,"2012-13","Queensland",1308
8,"2012-13","Victoria",2.5
8,"2013-14","New South Wales",425
8,"2013-14","Queensland",1170
8,"2013-14","Victoria",1.6
8,"2014-15","New South Wales",70
8,"2014-15","Queensland",917
8,"2014-15","Victoria",17.4
8,"2015-16","New South Wales",196
8,"2015-16","Queensland",599
8,"2015-16","Victoria",14.3
8,"2016-17","New South Wales",98.1
8,"2016-17","Queensland",633
8,"2016-17","Victoria",9.6
8,"2017-18","New South Wales",433
8,"2017-18","Queensland",1059
8,"2017-18","Victoria",2.5
8,"2018-19","New South Wales",667
8,"2018-19","Queensland",1326
8,"2018-19","Victoria",21.3
8,"2019-20","New South Wales",442
8,"2019-20","Queensland",1123
8,"2019-20","Victoria",10.3
9,"2002-03","New South Wales",277
9,"2002-03","Queensland",1116
9,"2002-03","Victoria",33.1
9,"2003-04","New South Wales",363
9,"2003-04","Queensland",1004
9,"2003-04","Victoria",1.6
9,"2004-05","New South Wales",282
9,"2004-05","Queensland",660
9,"2004-05","Victoria",24.3
9,"2005-06","New South Wales",328
9,"2005-06","Queensland",1517
9,"2005-06","Victoria",8.4
9,"2006-07","New South Wales",180
9,"2006-07","Queensland",1468
9,"2006-07","Victoria",44.3
9,"2007-08","New South Wales",267
9,"2007-08","Queensland",709
9,"2007-08","Victoria",47.1
9,"2008-09","New South Wales",187
9,"2008-09","Queensland",749
9,"2008-09","Victoria",13.3
9,"2009-10","New South Wales",655
9,"2009-10","Queensland",1302
9,"2009-10","Victoria",10.2
9,"2010-11","New South Wales",245
9,"2010-11","Queensland",705
9,"2010-11","Victoria",1.6
9,"2011-12","New South Wales",157
9,"2011-12","Queensland",3004
9,"2011-12","Victoria",17.1
9,"2012-13","New South Wales",316
9,"2012-13","Queensland",2229
9,"2012-13","Victoria",8.5
9,"2013-14","New South Wales",556
9,"2013-14","Queensland",1100
9,"2013-14","Victoria",6.4
9,"2014-15","New South Wales",141
9,"2014-15","Queensland",1672
9,"2014-15","Victoria",71.2
9,"2015-16","New South Wales",103
9,"2015-16","Queensland",843
9,"2015-16","Victoria",21.3
9,"2016-17","New South Wales",54.2
9,"2016-17","Queensland",898
9,"2016-17","Victoria",6.4
9,"2017-18","New South Wales",622
9,"2017-18","Queensland",892
9,"2017-18","Victoria",2.5
9,"2018-19","New South Wales",212
9,"2018-19","Queensland",806
9,"2018-19","Victoria",22.3
9,"2019-20","New South Wales",307
9,"2019-20","Queensland",987
9,"2019-20","Victoria",21.2
10,"2002-03","New South Wales",200
10,"2002-03","Queensland",1638
10,"2002-03","Victoria",10.3
10,"2003-04","New South Wales",663
10,"2003-04","Queensland",1236
10,"2003-04","Victoria",30.1
10,"2004-05","New South Wales",84
10,"2004-05","Queensland",680
10,"2004-05","Victoria",0.7
10,"2005-06","New South Wales",148
10,"2005-06","Queensland",1386
10,"2005-06","Victoria",17.2
10,"2006-07","New South Wales",167
10,"2006-07","Queensland",983
10,"2006-07","Victoria",4.5
10,"2007-08","New South Wales",128
10,"2007-08","Queensland",383
10,"2007-08","Victoria",27.1
10,"2008-09","New South Wales",36
10,"2008-09","Queensland",857
10,"2008-09","Victoria",6.5
10,"2009-10","New South Wales",110
10,"2009-10","Queensland",1566
10,"2009-10","Victoria",14.3
10,"2010-11","New South Wales",113
10,"2010-11","Queensland",1201
10,"2010-11","Victoria",3.6
10,"2011-12","New South Wales",229
10,"2011-12","Queensland",3865
10,"2011-12","Victoria",21.2
10,"2012-13","New South Wales",639
10,"2012-13","Queensland",2946
10,"2012-13","Victoria",28.2
10,"2013-14","New South Wales",473
10,"2013-14","Queensland",774
10,"2013-14","Victoria",16.4
10,"2014-15","New South Wales",158
10,"2014-15","Queensland",1588
10,"2014-15","Victoria",18.2
10,"2015-16","New South Wales",88.1
10,"2015-16","Queensland",733
10,"2015-16","Victoria",2.5
10,"2016-17","New South Wales",41
10,"2016-17","Queensland",577
10,"2016-17","Victoria",8.4
10,"2017-18","New South Wales",666
10,"2017-18","Queensland",1225
10,"2017-18","Victoria",4.5
10,"2018-19","New South Wales",126
10,"2018-19","Queensland",2087
10,"2018-19","Victoria",27.1
10,"2019-20","New South Wales",1505
10,"2019-20","Queensland",2194
10,"2019-20","Victoria",27.3
11,"2002-03","New South Wales",350
11,"2002-03","Queensland",1496
11,"2002-03","Victoria",45.1
11,"2003-04","New South Wales",1013
11,"2003-04","Queensland",2079
11,"2003-04","Victoria",2.6
11,"2004-05","New South Wales",124
11,"2004-05","Queensland",853
11,"2004-05","Victoria",8.3
11,"2005-06","New South Wales",214
11,"2005-06","Queensland",1210
11,"2005-06","Victoria",0.7
11,"2006-07","New South Wales",141
11,"2006-07","Queensland",1330
11,"2006-07","Victoria",33.2
11,"2007-08","New South Wales",245
11,"2007-08","Queensland",1594
11,"2007-08","Victoria",2.6
11,"2008-09","New South Wales",218
11,"2008-09","Queensland",1611
11,"2008-09","Victoria",29.2
11,"2009-10","New South Wales",361
11,"2009-10","Queensland",2807
11,"2009-10","Victoria",29.1
11,"2010-11","New South Wales",45
11,"2010-11","Queensland",1296
11,"2010-11","Victoria",1.6
11,"2011-12","New South Wales",215
11,"2011-12","Queensland",5014
11,"2011-12","Victoria",17.3
11,"2012-13","New South Wales",372
11,"2012-13","Queensland",3065
11,"2012-13","Victoria",32.3
11,"2013-14","New South Wales",416
11,"2013-14","Queensland",1063
11,"2013-14","Victoria",4.5
11,"2014-15","New South Wales",163
11,"2014-15","Queensland",1515
11,"2014-15","Victoria",4.4
11,"2015-16","New South Wales",325
11,"2015-16","Queensland",1012
11,"2015-16","Victoria",32.2
11,"2016-17","New South Wales",56.1
11,"2016-17","Queensland",476
11,"2016-17","Victoria",2.6
11,"2017-18","New South Wales",400
11,"2017-18","Queensland",1404
11,"2017-18","Victoria",6.5
11,"2018-19","New South Wales",361
11,"2018-19","Queensland",1567
11,"2018-19","Victoria",40.2
11,"2019-20","New South Wales",1719
11,"2019-20","Queensland",1755
11,"2019-20","Victoria",14.2
12,"2002-03","New South Wales",289
12,"2002-03","Queensland",2348
12,"2002-03","Victoria",7.4
12,"2003-04","New South Wales",880
12,"2003-04","Queensland",2790
12,"2003-04","Victoria",16.2
12,"2004-05","New South Wales",369
12,"2004-05","Queensland",1856
12,"2004-05","Victoria",52.1
12,"2005-06","New South Wales",225.1
12,"2005-06","Queensland",1711
12,"2005-06","Victoria",7.5
12,"2006-07","New South Wales",326
12,"2006-07","Queensland",1435
12,"2006-07","Victoria",133.1
12,"2007-08","New South Wales",449
12,"2007-08","Queensland",2883
12,"2007-08","Victoria",5.6
12,"2008-09","New South Wales",202
12,"2008-09","Queensland",2281
12,"2008-09","Victoria",19.1
12,"2009-10","New South Wales",250
12,"2009-10","Queensland",3437
12,"2009-10","Victoria",13.4
12,"2010-11","New South Wales",100
12,"2010-11","Queensland",529
12,"2010-11","Victoria",4.4
12,"2011-12","New South Wales",597
12,"2011-12","Queensland",7810
12,"2011-12","Victoria",21
12,"2012-13","New South Wales",126
12,"2012-13","Queensland",3233
12,"2012-13","Victoria",9.4
12,"2013-14","New South Wales",116.1
12,"2013-14","Queensland",2239
12,"2013-14","Victoria",3.5
12,"2014-15","New South Wales",202
12,"2014-15","Queensland",2264
12,"2014-15","Victoria",20.3
12,"2015-16","New South Wales",177
12,"2015-16","Queensland",1437
12,"2015-16","Victoria",31.3
12,"2016-17","New South Wales",18.2
12,"2016-17","Queensland",207
12,"2016-17","Victoria",0.7
12,"2017-18","New South Wales",467
12,"2017-18","Queensland",1609
12,"2017-18","Victoria",18.4
12,"2018-19","New South Wales",340
12,"2018-19","Queensland",2178
12,"2018-19","Victoria",14.2
12,"2019-20","New South Wales",618
12,"2019-20","Queensland",818
12,"2019-20","Victoria",20.3
13,"2002-03","New South Wales",924
13,"2002-03","Queensland",4529
13,"2002-03","Victoria",11.2
13,"2003-04","New South Wales",1327
13,"2003-04","Queensland",1987
13,"2003-04","Victoria",66.1
13,"2004-05","New South Wales",309
13,"2004-05","Queensland",1962
13,"2004-05","Victoria",14.3
13,"2005-06","New South Wales",192.1
13,"2005-06","Queensland",2590
13,"2005-06","Victoria",0.7
13,"2006-07","New South Wales",281
13,"2006-07","Queensland",1820
13,"2006-07","Victoria",15.2
13,"2007-08","New South Wales",425
13,"2007-08","Queensland",2755
13,"2007-08","Victoria",14.3
13,"2008-09","New South Wales",191
13,"2008-09","Queensland",1812
13,"2008-09","Victoria",70.1
13,"2009-10","New South Wales",585
13,"2009-10","Queensland",5509
13,"2009-10","Victoria",0.7
13,"2010-11","New South Wales",109
13,"2010-11","Queensland",442
13,"2010-11","Victoria",12.2
13,"2011-12","New South Wales",171.1
13,"2011-12","Queensland",6347
13,"2011-12","Victoria",31.2
13,"2012-13","New South Wales",422
13,"2012-13","Queensland",3714
13,"2012-13","Victoria",25.2
13,"2013-14","New South Wales",413
13,"2013-14","Queensland",2444
13,"2013-14","Victoria",16.2
13,"2014-15","New South Wales",206.1
13,"2014-15","Queensland",1386
13,"2014-15","Victoria",37.2
13,"2015-16","New South Wales",333
13,"2015-16","Queensland",2341
13,"2015-16","Victoria",33.1
13,"2016-17","New South Wales",126.1
13,"2016-17","Queensland",1238
13,"2016-17","Victoria",3.5
13,"2017-18","New South Wales",476
13,"2017-18","Queensland",1522
13,"2017-18","Victoria",91.1
13,"2018-19","New South Wales",175
13,"2018-19","Queensland",1584
13,"2018-19","Victoria",21.3
13,"2019-20","New South Wales",485
13,"2019-20","Queensland",915
13,"2019-20","Victoria",8.6
14,"2002-03","New South Wales",995
14,"2002-03","Queensland",3383
14,"2002-03","Victoria",6.4
14,"2003-04","New South Wales",68.2
14,"2003-04","Queensland",1826
14,"2003-04","Victoria",14.5
14,"2004-05","New South Wales",113
14,"2004-05","Queensland",3057
14,"2004-05","Victoria",7.3
14,"2005-06","New South Wales",534
14,"2005-06","Queensland",3876
14,"2005-06","Victoria",8.3
14,"2006-07","New South Wales",214
14,"2006-07","Queensland",2136
14,"2006-07","Victoria",26.1
14,"2007-08","New South Wales",561
14,"2007-08","Queensland",1212
14,"2007-08","Victoria",15.2
14,"2008-09","New South Wales",290
14,"2008-09","Queensland",2283
14,"2008-09","Victoria",22.3
14,"2009-10","New South Wales",297
14,"2009-10","Queensland",3027
14,"2009-10","Victoria",4.6
14,"2010-11","New South Wales",95.1
14,"2010-11","Queensland",1806
14,"2010-11","Victoria",14.3
14,"2011-12","New South Wales",25.3
14,"2011-12","Queensland",7384
14,"2011-12","Victoria",17.4
14,"2012-13","New South Wales",450
14,"2012-13","Queensland",1963
14,"2012-13","Victoria",38.2
14,"2013-14","New South Wales",156
14,"2013-14","Queensland",1702
14,"2013-14","Victoria",12.2
14,"2014-15","New South Wales",251
14,"2014-15","Queensland",2061
14,"2014-15","Victoria",89.1
14,"2015-16","New South Wales",270
14,"2015-16","Queensland",2604
14,"2015-16","Victoria",55.1
14,"2016-17","New South Wales",256
14,"2016-17","Queensland",1261
14,"2016-17","Victoria",0.7
14,"2017-18","New South Wales",52
14,"2017-18","Queensland",800
14,"2017-18","Victoria",54.2
14,"2018-19","New South Wales",87.2
14,"2018-19","Queensland",2763
14,"2018-19","Victoria",14.4
14,"2019-20","New South Wales",148
14,"2019-20","Queensland",1574
14,"2019-20","Victoria",48.2
15,"2002-03","New South Wales",702
15,"2002-03","Queensland",3414
15,"2002-03","Victoria",20.2
15,"2003-04","New South Wales",116
15,"2003-04","Queensland",1002
15,"2003-04","Victoria",31
15,"2004-05","New South Wales",311
15,"2004-05","Queensland",5771
15,"2004-05","Victoria",30.1
15,"2005-06","New South Wales",387
15,"2005-06","Queensland",3802
15,"2005-06","Victoria",19.4
15,"2006-07","New South Wales",196
15,"2006-07","Queensland",1947
15,"2006-07","Victoria",91
15,"2007-08","New South Wales",77.1
15,"2007-08","Queensland",1536
15,"2007-08","Victoria",45.2
15,"2008-09","New South Wales",87
15,"2008-09","Queensland",2211
15,"2008-09","Victoria",23.2
15,"2009-10","New South Wales",73
15,"2009-10","Queensland",3268
15,"2009-10","Victoria",26.1
15,"2010-11","New South Wales",31
15,"2010-11","Queensland",644
15,"2010-11","Victoria",18.4
15,"2011-12","New South Wales",51.1
15,"2011-12","Queensland",6230
15,"2011-12","Victoria",7.5
15,"2012-13","New South Wales",242
15,"2012-13","Queensland",3118
15,"2012-13","Victoria",5.4
15,"2013-14","New South Wales",244
15,"2013-14","Queensland",2831
15,"2013-14","Victoria",19.1
15,"2014-15","New South Wales",161
15,"2014-15","Queensland",2210
15,"2014-15","Victoria",49.1
15,"2015-16","New South Wales",199
15,"2015-16","Queensland",1386
15,"2015-16","Victoria",49.2
15,"2016-17","New South Wales",220
15,"2016-17","Queensland",3450
15,"2016-17","Victoria",9.4
15,"2017-18","New South Wales",38.1
15,"2017-18","Queensland",1497
15,"2017-18","Victoria",9.3
15,"2018-19","New South Wales",45
15,"2018-19","Queensland",2160
15,"2018-19","Victoria",31.2
15,"2019-20","New South Wales",823
15,"2019-20","Queensland",1762
15,"2019-20","Victoria",6.5
16,"2002-03","New South Wales",1691
16,"2002-03","Queensland",4610
16,"2002-03","Victoria",16.4
16,"2003-04","New South Wales",99
16,"2003-04","Queensland",1957
16,"2003-04","Victoria",66.3
16,"2004-05","New South Wales",144.1
16,"2004-05","Queensland",3321
16,"2004-05","Victoria",25.3
16,"2005-06","New South Wales",28.3
16,"2005-06","Queensland",1872
16,"2005-06","Victoria",13.2
16,"2006-07","New South Wales",77.2
16,"2006-07","Queensland",1481
16,"2006-07","Victoria",16.1
16,"2007-08","New South Wales",230
16,"2007-08","Queensland",2401
16,"2007-08","Victoria",30.2
16,"2008-09","New South Wales",54
16,"2008-09","Queensland",1574
16,"2008-09","Victoria",21.2
16,"2009-10","New South Wales",275
16,"2009-10","Queensland",6068
16,"2009-10","Victoria",26.4
16,"2010-11","New South Wales",44
16,"2010-11","Queensland",753
16,"2010-11","Victoria",0.7
16,"2011-12","New South Wales",159
16,"2011-12","Queensland",8558
16,"2011-12","Victoria",66.1
16,"2012-13","New South Wales",330
16,"2012-13","Queensland",5432
16,"2012-13","Victoria",58.1
16,"2013-14","New South Wales",1081
16,"2013-14","Queensland",1387
16,"2013-14","Victoria",39.1
16,"2014-15","New South Wales",83
16,"2014-15","Queensland",3974
16,"2014-15","Victoria",26.2
16,"2015-16","New South Wales",113
16,"2015-16","Queensland",1836
16,"2015-16","Victoria",11.5
16,"2016-17","New South Wales",168
16,"2016-17","Queensland",2248
16,"2016-17","Victoria",10.3
16,"2017-18","New South Wales",102.1
16,"2017-18","Queensland",450
16,"2017-18","Victoria",33.2
16,"2018-19","New South Wales",69
16,"2018-19","Queensland",1734
16,"2018-19","Victoria",5.5
16,"2019-20","New South Wales",618
16,"2019-20","Queensland",1388
16,"2019-20","Victoria",14.4
17,"2002-03","New South Wales",2362
17,"2002-03","Queensland",4721
17,"2002-03","Victoria",9.4
17,"2003-04","New South Wales",166
17,"2003-04","Queensland",2700
17,"2003-04","Victoria",7.5
17,"2004-05","New South Wales",131
17,"2004-05","Queensland",10229
17,"2004-05","Victoria",27.2
17,"2005-06","New South Wales",85
17,"2005-06","Queensland",1729
17,"2005-06","Victoria",5.3
17,"2006-07","New South Wales",127
17,"2006-07","Queensland",1259
17,"2006-07","Victoria",17.4
17,"2007-08","New South Wales",139
17,"2007-08","Queensland",1401
17,"2007-08","Victoria",15.3
17,"2008-09","New South Wales",77
17,"2008-09","Queensland",3736
17,"2008-09","Victoria",25.3
17,"2009-10","New South Wales",96.2
17,"2009-10","Queensland",5521
17,"2009-10","Victoria",67
17,"2010-11","New South Wales",46
17,"2010-11","Queensland",1398
17,"2010-11","Victoria",57.1
17,"2011-12","New South Wales",94
17,"2011-12","Queensland",5486
17,"2011-12","Victoria",4.6
17,"2012-13","New South Wales",703
17,"2012-13","Queensland",6476
17,"2012-13","Victoria",65.1
17,"2013-14","New South Wales",989
17,"2013-14","Queensland",1690
17,"2013-14","Victoria",2.6
17,"2014-15","New South Wales",102
17,"2014-15","Queensland",3527
17,"2014-15","Victoria",57.1
17,"2015-16","New South Wales",82
17,"2015-16","Queensland",2112
17,"2015-16","Victoria",12.1
17,"2016-17","New South Wales",224
17,"2016-17","Queensland",1310
17,"2016-17","Victoria",6.4
17,"2017-18","New South Wales",75
17,"2017-18","Queensland",1052
17,"2017-18","Victoria",17.4
17,"2018-19","New South Wales",203
17,"2018-19","Queensland",3259
17,"2018-19","Victoria",24.2
17,"2019-20","New South Wales",1247
17,"2019-20","Queensland",611
17,"2019-20","Victoria",36.2
18,"2002-03","New South Wales",705
18,"2002-03","Queensland",4543
18,"2002-03","Victoria",12.3
18,"2003-04","New South Wales",127
18,"2003-04","Queensland",4518
18,"2003-04","Victoria",8.3
18,"2004-05","New South Wales",151
18,"2004-05","Queensland",6425
18,"2004-05","Victoria",9.3
18,"2005-06","New South Wales",47.1
18,"2005-06","Queensland",3200
18,"2005-06","Victoria",6.2
18,"2006-07","New South Wales",85.1
18,"2006-07","Queensland",1151
18,"2006-07","Victoria",2.5
18,"2007-08","New South Wales",46
18,"2007-08","Queensland",2876
18,"2007-08","Victoria",4.5
18,"2008-09","New South Wales",136.1
18,"2008-09","Queensland",4755
18,"2008-09","Victoria",62.1
18,"2009-10","New South Wales",52.1
18,"2009-10","Queensland",4201
18,"2009-10","Victoria",18.1
18,"2010-11","New South Wales",48.1
18,"2010-11","Queensland",1545
18,"2010-11","Victoria",28.5
18,"2011-12","New South Wales",48.1
18,"2011-12","Queensland",8821
18,"2011-12","Victoria",7.4
18,"2012-13","New South Wales",190
18,"2012-13","Queensland",5330
18,"2012-13","Victoria",75.3
18,"2013-14","New South Wales",534
18,"2013-14","Queensland",1595
18,"2013-14","Victoria",37.2
18,"2014-15","New South Wales",450
18,"2014-15","Queensland",3421
18,"2014-15","Victoria",14.3
18,"2015-16","New South Wales",16.2
18,"2015-16","Queensland",2167
18,"2015-16","Victoria",1.6
18,"2016-17","New South Wales",144.1
18,"2016-17","Queensland",2622
18,"2016-17","Victoria",15.1
18,"2017-18","New South Wales",144
18,"2017-18","Queensland",2153
18,"2017-18","Victoria",6.4
18,"2018-19","New South Wales",121
18,"2018-19","Queensland",2000
18,"2018-19","Victoria",28
18,"2019-20","New South Wales",945
18,"2019-20","Queensland",290
18,"2019-20","Victoria",6.4
19,"2002-03","New South Wales",2296
19,"2002-03","Queensland",4014
19,"2002-03","Victoria",17.2
19,"2003-04","New South Wales",95
19,"2003-04","Queensland",3961
19,"2003-04","Victoria",74.1
19,"2004-05","New South Wales",61
19,"2004-05","Queensland",3080
19,"2004-05","Victoria",2.5
19,"2005-06","New South Wales",25.1
19,"2005-06","Queensland",2676
19,"2005-06","Victoria",13.3
19,"2006-07","New South Wales",24.2
19,"2006-07","Queensland",3034
19,"2006-07","Victoria",6.6
19,"2007-08","New South Wales",14.3
19,"2007-08","Queensland",4124
19,"2007-08","Victoria",16.1
19,"2008-09","New South Wales",46
19,"2008-09","Queensland",4362
19,"2008-09","Victoria",7.5
19,"2009-10","New South Wales",49
19,"2009-10","Queensland",4079
19,"2009-10","Victoria",75
19,"2010-11","New South Wales",19.1
19,"2010-11","Queensland",765
19,"2010-11","Victoria",38.4
19,"2011-12","New South Wales",84
19,"2011-12","Queensland",5944
19,"2011-12","Victoria",69.2
19,"2012-13","New South Wales",65
19,"2012-13","Queensland",7643
19,"2012-13","Victoria",17.2
19,"2013-14","New South Wales",790
19,"2013-14","Queensland",2275
19,"2013-14","Victoria",58.1
19,"2014-15","New South Wales",51
19,"2014-15","Queensland",2204
19,"2014-15","Victoria",31
19,"2015-16","New South Wales",34.4
19,"2015-16","Queensland",1214
19,"2015-16","Victoria",0.7
19,"2016-17","New South Wales",394
19,"2016-17","Queensland",2045
19,"2016-17","Victoria",27.1
19,"2017-18","New South Wales",87
19,"2017-18","Queensland",2350
19,"2017-18","Victoria",25.3
19,"2018-19","New South Wales",78
19,"2018-19","Queensland",2272
19,"2018-19","Victoria",3.5
19,"2019-20","New South Wales",9303
19,"2019-20","Queensland",1928
19,"2019-20","Victoria",4.5
20,"2002-03","New South Wales",265.1
20,"2002-03","Queensland",1698
20,"2002-03","Victoria",3.5
20,"2003-04","New South Wales",93
20,"2003-04","Queensland",3299
20,"2003-04","Victoria",67.1
20,"2004-05","New South Wales",127
20,"2004-05","Queensland",8047
20,"2004-05","Victoria",20.3
20,"2005-06","New South Wales",105
20,"2005-06","Queensland",2135
20,"2005-06","Victoria",24.1
20,"2006-07","New South Wales",155
20,"2006-07","Queensland",8430
20,"2006-07","Victoria",2.5
20,"2007-08","New South Wales",80
20,"2007-08","Queensland",1431
20,"2007-08","Victoria",32.2
20,"2008-09","New South Wales",68.1
20,"2008-09","Queensland",6219
20,"2008-09","Victoria",12.2
20,"2009-10","New South Wales",96
20,"2009-10","Queensland",4735
20,"2009-10","Victoria",31.1
20,"2010-11","New South Wales",31.1
20,"2010-11","Queensland",442
20,"2010-11","Victoria",29.3
20,"2011-12","New South Wales",35.2
20,"2011-12","Queensland",10082
20,"2011-12","Victoria",27
20,"2012-13","New South Wales",93
20,"2012-13","Queensland",5694
20,"2012-13","Victoria",64.2
20,"2013-14","New South Wales",83
20,"2013-14","Queensland",1644
20,"2013-14","Victoria",20.3
20,"2014-15","New South Wales",169.1
20,"2014-15","Queensland",3007
20,"2014-15","Victoria",17.4
20,"2015-16","New South Wales",49
20,"2015-16","Queensland",1240
20,"2015-16","Victoria",31.2
20,"2016-17","New South Wales",47
20,"2016-17","Queensland",3742
20,"2016-17","Victoria",15.4
20,"2017-18","New South Wales",48
20,"2017-18","Queensland",1680
20,"2017-18","Victoria",40.3
20,"2018-19","New South Wales",101.1
20,"2018-19","Queensland",2741
20,"2018-19","Victoria",4.5
20,"2019-20","New South Wales",8383
20,"2019-20","Queensland",2549
20,"2019-20","Victoria",8.3
21,"2002-03","New South Wales",372
21,"2002-03","Queensland",1932
21,"2002-03","Victoria",11.4
21,"2003-04","New South Wales",49.2
21,"2003-04","Queensland",2774
21,"2003-04","Victoria",5.5
21,"2004-05","New South Wales",42.1
21,"2004-05","Queensland",2063
21,"2004-05","Victoria",57.2
21,"2005-06","New South Wales",24.1
21,"2005-06","Queensland",1392
21,"2005-06","Victoria",23.2
21,"2006-07","New South Wales",1141
21,"2006-07","Queensland",8184
21,"2006-07","Victoria",164.2
21,"2007-08","New South Wales",90.1
21,"2007-08","Queensland",2478
21,"2007-08","Victoria",98.2
21,"2008-09","New South Wales",18.2
21,"2008-09","Queensland",1973
21,"2008-09","Victoria",3.5
21,"2009-10","New South Wales",345
21,"2009-10","Queensland",8947
21,"2009-10","Victoria",11.5
21,"2010-11","New South Wales",29
21,"2010-11","Queensland",618
21,"2010-11","Victoria",38.2
21,"2011-12","New South Wales",42.2
21,"2011-12","Queensland",3373
21,"2011-12","Victoria",12.3
21,"2012-13","New South Wales",57
21,"2012-13","Queensland",8393
21,"2012-13","Victoria",79
21,"2013-14","New South Wales",44.1
21,"2013-14","Queensland",1173
21,"2013-14","Victoria",6.3
21,"2014-15","New South Wales",194
21,"2014-15","Queensland",2430
21,"2014-15","Victoria",19.2
21,"2015-16","New South Wales",97
21,"2015-16","Queensland",2649
21,"2015-16","Victoria",12.3
21,"2016-17","New South Wales",167
21,"2016-17","Queensland",5680
21,"2016-17","Victoria",13.1
21,"2017-18","New South Wales",41
21,"2017-18","Queensland",1415
21,"2017-18","Victoria",11.3
21,"2018-19","New South Wales",55.1
21,"2018-19","Queensland",1968
21,"2018-19","Victoria",4.4
21,"2019-20","New South Wales",5216
21,"2019-20","Queensland",1566
21,"2019-20","Victoria",269.1
22,"2002-03","New South Wales",412
22,"2002-03","Queensland",1604
22,"2002-03","Victoria",7.6
22,"2003-04","New South Wales",102
22,"2003-04","Queensland",3095
22,"2003-04","Victoria",14.4
22,"2004-05","New South Wales",172
22,"2004-05","Queensland",3641
22,"2004-05","Victoria",48.3
22,"2005-06","New South Wales",37
22,"2005-06","Queensland",2861
22,"2005-06","Victoria",10.3
22,"2006-07","New South Wales",1709
22,"2006-07","Queensland",6050
22,"2006-07","Victoria",24.1
22,"2007-08","New South Wales",20.2
22,"2007-08","Queensland",1990
22,"2007-08","Victoria",4.4
22,"2008-09","New South Wales",27
22,"2008-09","Queensland",1776
22,"2008-09","Victoria",4.5
22,"2009-10","New South Wales",382
22,"2009-10","Queensland",6773
22,"2009-10","Victoria",5.4
22,"2010-11","New South Wales",7.5
22,"2010-11","Queensland",490
22,"2010-11","Victoria",2.5
22,"2011-12","New South Wales",11.4
22,"2011-12","Queensland",3609
22,"2011-12","Victoria",3.5
22,"2012-13","New South Wales",122
22,"2012-13","Queensland",8342
22,"2012-13","Victoria",4.4
22,"2013-14","New South Wales",133
22,"2013-14","Queensland",1378
22,"2013-14","Victoria",20.2
22,"2014-15","New South Wales",55
22,"2014-15","Queensland",1137
22,"2014-15","Victoria",20.3
22,"2015-16","New South Wales",146
22,"2015-16","Queensland",1641
22,"2015-16","Victoria",6.5
22,"2016-17","New South Wales",99
22,"2016-17","Queensland",2531
22,"2016-17","Victoria",27.3
22,"2017-18","New South Wales",55
22,"2017-18","Queensland",937
22,"2017-18","Victoria",65.2
22,"2018-19","New South Wales",89
22,"2018-19","Queensland",9971
22,"2018-19","Victoria",10.5
22,"2019-20","New South Wales",2478
22,"2019-20","Queensland",891
22,"2019-20","Victoria",280.2
23,"2002-03","New South Wales",2238
23,"2002-03","Queensland",3136
23,"2002-03","Victoria",1.6
23,"2003-04","New South Wales",35
23,"2003-04","Queensland",852
23,"2003-04","Victoria",16.3
23,"2004-05","New South Wales",92.1
23,"2004-05","Queensland",3068
23,"2004-05","Victoria",6.4
23,"2005-06","New South Wales",87
23,"2005-06","Queensland",1665
23,"2005-06","Victoria",2.5
23,"2006-07","New South Wales",594
23,"2006-07","Queensland",2380
23,"2006-07","Victoria",3471
23,"2007-08","New South Wales",24.1
23,"2007-08","Queensland",1249
23,"2007-08","Victoria",57.5
23,"2008-09","New South Wales",36.2
23,"2008-09","Queensland",2899
23,"2008-09","Victoria",3.6
23,"2009-10","New South Wales",513
23,"2009-10","Queensland",8283
23,"2009-10","Victoria",4.5
23,"2010-11","New South Wales",15.2
23,"2010-11","Queensland",358
23,"2010-11","Victoria",10.4
23,"2011-12","New South Wales",4.4
23,"2011-12","Queensland",2487
23,"2011-12","Victoria",58.2
23,"2012-13","New South Wales",175
23,"2012-13","Queensland",13164
23,"2012-13","Victoria",10.2
23,"2013-14","New South Wales",127
23,"2013-14","Queensland",2197
23,"2013-14","Victoria",15.4
23,"2014-15","New South Wales",48
23,"2014-15","Queensland",1172
23,"2014-15","Victoria",8.4
23,"2015-16","New South Wales",98
23,"2015-16","Queensland",1200
23,"2015-16","Victoria",23.5
23,"2016-17","New South Wales",58.1
23,"2016-17","Queensland",3926
23,"2016-17","Victoria",19.1
23,"2017-18","New South Wales",87
23,"2017-18","Queensland",1487
23,"2017-18","Victoria",7.5
23,"2018-19","New South Wales",183
23,"2018-19","Queensland",4159
23,"2018-19","Victoria",6.5
23,"2019-20","New South Wales",12806
23,"2019-20","Queensland",2691
23,"2019-20","Victoria",151
24,"2002-03","New South Wales",298
24,"2002-03","Queensland",2731
24,"2002-03","Victoria",8.5
24,"2003-04","New South Wales",98
24,"2003-04","Queensland",1094
24,"2003-04","Victoria",16.4
24,"2004-05","New South Wales",47.2
24,"2004-05","Queensland",600
24,"2004-05","Victoria",2.6
24,"2005-06","New South Wales",154
24,"2005-06","Queensland",4254
24,"2005-06","Victoria",21.2
24,"2006-07","New South Wales",439
24,"2006-07","Queensland",1607
24,"2006-07","Victoria",4725
24,"2007-08","New South Wales",23.1
24,"2007-08","Queensland",1507
24,"2007-08","Victoria",8.5
24,"2008-09","New South Wales",37.1
24,"2008-09","Queensland",1422
24,"2008-09","Victoria",12.5
24,"2009-10","New South Wales",1337
24,"2009-10","Queensland",4641
24,"2009-10","Victoria",17.2
24,"2010-11","New South Wales",37
24,"2010-11","Queensland",310
24,"2010-11","Victoria",4.3
24,"2011-12","New South Wales",5.3
24,"2011-12","Queensland",4014
24,"2011-12","Victoria",5.4
24,"2012-13","New South Wales",143
24,"2012-13","Queensland",9943
24,"2012-13","Victoria",28.4
24,"2013-14","New South Wales",54.1
24,"2013-14","Queensland",1239
24,"2013-14","Victoria",24.2
24,"2014-15","New South Wales",63
24,"2014-15","Queensland",806
24,"2014-15","Victoria",21.1
24,"2015-16","New South Wales",91
24,"2015-16","Queensland",763
24,"2015-16","Victoria",12.4
24,"2016-17","New South Wales",123
24,"2016-17","Queensland",1515
24,"2016-17","Victoria",2.5
24,"2017-18","New South Wales",104
24,"2017-18","Queensland",2694
24,"2017-18","Victoria",28
24,"2018-19","New South Wales",25.2
24,"2018-19","Queensland",313
24,"2018-19","Victoria",1.6
24,"2019-20","New South Wales",4558
24,"2019-20","Queensland",2971
24,"2019-20","Victoria",284
25,"2002-03","New South Wales",286
25,"2002-03","Queensland",2510
25,"2002-03","Victoria",678.1
25,"2003-04","New South Wales",51.1
25,"2003-04","Queensland",627
25,"2003-04","Victoria",0.7
25,"2004-05","New South Wales",116
25,"2004-05","Queensland",1496
25,"2004-05","Victoria",15.3
25,"2005-06","New South Wales",117
25,"2005-06","Queensland",3662
25,"2005-06","Victoria",23.3
25,"2006-07","New South Wales",300
25,"2006-07","Queensland",2644
25,"2006-07","Victoria",2455
25,"2007-08","New South Wales",21.1
25,"2007-08","Queensland",1277
25,"2007-08","Victoria",5.6
25,"2008-09","New South Wales",108.1
25,"2008-09","Queensland",1314
25,"2008-09","Victoria",5.4
25,"2009-10","New South Wales",128
25,"2009-10","Queensland",1554
25,"2009-10","Victoria",35.1
25,"2010-11","New South Wales",42
25,"2010-11","Queensland",201
25,"2010-11","Victoria",3.5
25,"2011-12","New South Wales",16.3
25,"2011-12","Queensland",1738
25,"2011-12","Victoria",9.4
25,"2012-13","New South Wales",93
25,"2012-13","Queensland",4608
25,"2012-13","Victoria",9.2
25,"2013-14","New South Wales",192
25,"2013-14","Queensland",1271
25,"2013-14","Victoria",11.3
25,"2014-15","New South Wales",114.1
25,"2014-15","Queensland",1736
25,"2014-15","Victoria",53.2
25,"2015-16","New South Wales",94
25,"2015-16","Queensland",370
25,"2015-16","Victoria",15.2
25,"2016-17","New South Wales",73
25,"2016-17","Queensland",726
25,"2016-17","Victoria",8.4
25,"2017-18","New South Wales",75
25,"2017-18","Queensland",2168
25,"2017-18","Victoria",26.3
25,"2018-19","New South Wales",82
25,"2018-19","Queensland",673
25,"2018-19","Victoria",1.6
25,"2019-20","New South Wales",10426
25,"2019-20","Queensland",5757
25,"2019-20","Victoria",1213
26,"2002-03","New South Wales",125
26,"2002-03","Queensland",2227
26,"2002-03","Victoria",81
26,"2003-04","New South Wales",36
26,"2003-04","Queensland",324
26,"2003-04","Victoria",10.3
26,"2004-05","New South Wales",28.2
26,"2004-05","Queensland",183
26,"2004-05","Victoria",43.2
26,"2005-06","New South Wales",124
26,"2005-06","Queensland",1329
26,"2005-06","Victoria",30.4
26,"2006-07","New South Wales",23
26,"2006-07","Queensland",1004
26,"2006-07","Victoria",230
26,"2007-08","New South Wales",17.1
26,"2007-08","Queensland",174
26,"2007-08","Victoria",21.2
26,"2008-09","New South Wales",63.1
26,"2008-09","Queensland",686
26,"2008-09","Victoria",10.3
26,"2009-10","New South Wales",30.3
26,"2009-10","Queensland",904
26,"2009-10","Victoria",4.4
26,"2010-11","New South Wales",21.3
26,"2010-11","Queensland",45.1
26,"2010-11","Victoria",6.5
26,"2011-12","New South Wales",11.2
26,"2011-12","Queensland",1401
26,"2011-12","Victoria",7.4
26,"2012-13","New South Wales",142
26,"2012-13","Queensland",1341
26,"2012-13","Victoria",18.3
26,"2013-14","New South Wales",42.1
26,"2013-14","Queensland",1205
26,"2013-14","Victoria",47.2
26,"2014-15","New South Wales",20.4
26,"2014-15","Queensland",1324
26,"2014-15","Victoria",23.2
26,"2015-16","New South Wales",16.1
26,"2015-16","Queensland",263
26,"2015-16","Victoria",28.4
26,"2016-17","New South Wales",39
26,"2016-17","Queensland",311
26,"2016-17","Victoria",6.5
26,"2017-18","New South Wales",42
26,"2017-18","Queensland",1928
26,"2017-18","Victoria",9.3
26,"2018-19","New South Wales",58
26,"2018-19","Queensland",1097
26,"2018-19","Victoria",24.2
26,"2019-20","New South Wales",4422
26,"2019-20","Queensland",2684
26,"2019-20","Victoria",1016
27,"2002-03","New South Wales",96
27,"2002-03","Queensland",1592
27,"2002-03","Victoria",17.3
27,"2003-04","New South Wales",74
27,"2003-04","Queensland",1276
27,"2003-04","Victoria",12.5
27,"2004-05","New South Wales",43.1
27,"2004-05","Queensland",527
27,"2004-05","Victoria",12.3
27,"2005-06","New South Wales",295
27,"2005-06","Queensland",1728
27,"2005-06","Victoria",69.3
27,"2006-07","New South Wales",19.2
27,"2006-07","Queensland",853
27,"2006-07","Victoria",562
27,"2007-08","New South Wales",23.2
27,"2007-08","Queensland",441
27,"2007-08","Victoria",43.1
27,"2008-09","New South Wales",38.2
27,"2008-09","Queensland",221
27,"2008-09","Victoria",10.5
27,"2009-10","New South Wales",20.1
27,"2009-10","Queensland",285
27,"2009-10","Victoria",6.4
27,"2010-11","New South Wales",53
27,"2010-11","Queensland",91
27,"2010-11","Victoria",2.5
27,"2011-12","New South Wales",40.1
27,"2011-12","Queensland",3364
27,"2011-12","Victoria",25.2
27,"2012-13","New South Wales",86
27,"2012-13","Queensland",2222
27,"2012-13","Victoria",23
27,"2013-14","New South Wales",271.1
27,"2013-14","Queensland",4302
27,"2013-14","Victoria",4.4
27,"2014-15","New South Wales",36.1
27,"2014-15","Queensland",332
27,"2014-15","Victoria",53.3
27,"2015-16","New South Wales",16.2
27,"2015-16","Queensland",203
27,"2015-16","Victoria",11.5
27,"2016-17","New South Wales",95.1
27,"2016-17","Queensland",267
27,"2016-17","Victoria",1.6
27,"2017-18","New South Wales",25.1
27,"2017-18","Queensland",1145
27,"2017-18","Victoria",10.1
27,"2018-19","New South Wales",97
27,"2018-19","Queensland",1566
27,"2018-19","Victoria",86.2
27,"2019-20","New South Wales",NA
27,"2019-20","Queensland",NA
27,"2019-20","Victoria",NA
28,"2002-03","New South Wales",1506
28,"2002-03","Queensland",1650
28,"2002-03","Victoria",687
28,"2003-04","New South Wales",129
28,"2003-04","Queensland",591
28,"2003-04","Victoria",4.5
28,"2004-05","New South Wales",105
28,"2004-05","Queensland",460
28,"2004-05","Victoria",27.6
28,"2005-06","New South Wales",61
28,"2005-06","Queensland",1057
28,"2005-06","Victoria",3.5
28,"2006-07","New South Wales",92.1
28,"2006-07","Queensland",562
28,"2006-07","Victoria",2646
28,"2007-08","New South Wales",37.1
28,"2007-08","Queensland",67.1
28,"2007-08","Victoria",37.2
28,"2008-09","New South Wales",69
28,"2008-09","Queensland",163
28,"2008-09","Victoria",11.4
28,"2009-10","New South Wales",84
28,"2009-10","Queensland",836
28,"2009-10","Victoria",25.2
28,"2010-11","New South Wales",22.2
28,"2010-11","Queensland",100
28,"2010-11","Victoria",2.6
28,"2011-12","New South Wales",66
28,"2011-12","Queensland",4091
28,"2011-12","Victoria",6.4
28,"2012-13","New South Wales",713
28,"2012-13","Queensland",3513
28,"2012-13","Victoria",164.1
28,"2013-14","New South Wales",273
28,"2013-14","Queensland",837
28,"2013-14","Victoria",6.4
28,"2014-15","New South Wales",28.2
28,"2014-15","Queensland",310
28,"2014-15","Victoria",24.3
28,"2015-16","New South Wales",98
28,"2015-16","Queensland",679
28,"2015-16","Victoria",13.2
28,"2016-17","New South Wales",55
28,"2016-17","Queensland",244
28,"2016-17","Victoria",9.3
28,"2017-18","New South Wales",51
28,"2017-18","Queensland",614
28,"2017-18","Victoria",24.5
28,"2018-19","New South Wales",97
28,"2018-19","Queensland",448
28,"2018-19","Victoria",58.1
28,"2019-20","New South Wales",NA
28,"2019-20","Queensland",NA
28,"2019-20","Victoria",NA
29,"2002-03","New South Wales",3551
29,"2002-03","Queensland",592
29,"2002-03","Victoria",2749
29,"2003-04","New South Wales",37.1
29,"2003-04","Queensland",31.2
29,"2003-04","Victoria",13.4
29,"2004-05","New South Wales",154
29,"2004-05","Queensland",891
29,"2004-05","Victoria",47.3
29,"2005-06","New South Wales",29
29,"2005-06","Queensland",272
29,"2005-06","Victoria",41.4
29,"2006-07","New South Wales",721
29,"2006-07","Queensland",283
29,"2006-07","Victoria",1385.3
29,"2007-08","New South Wales",19.2
29,"2007-08","Queensland",98.1
29,"2007-08","Victoria",10.1
29,"2008-09","New South Wales",65.1
29,"2008-09","Queensland",334
29,"2008-09","Victoria",10.4
29,"2009-10","New South Wales",74
29,"2009-10","Queensland",2213
29,"2009-10","Victoria",38.2
29,"2010-11","New South Wales",50.2
29,"2010-11","Queensland",132
29,"2010-11","Victoria",3.5
29,"2011-12","New South Wales",16.1
29,"2011-12","Queensland",1299
29,"2011-12","Victoria",10.3
29,"2012-13","New South Wales",618
29,"2012-13","Queensland",3176
29,"2012-13","Victoria",408.2
29,"2013-14","New South Wales",734
29,"2013-14","Queensland",1170
29,"2013-14","Victoria",1369
29,"2014-15","New South Wales",63.1
29,"2014-15","Queensland",195
29,"2014-15","Victoria",10.5
29,"2015-16","New South Wales",171
29,"2015-16","Queensland",429
29,"2015-16","Victoria",8.3
29,"2016-17","New South Wales",132
29,"2016-17","Queensland",203
29,"2016-17","Victoria",21.4
29,"2017-18","New South Wales",679
29,"2017-18","Queensland",623
29,"2017-18","Victoria",41.1
29,"2018-19","New South Wales",145
29,"2018-19","Queensland",568
29,"2018-19","Victoria",8.4
29,"2019-20","New South Wales",NA
29,"2019-20","Queensland",NA
29,"2019-20","Victoria",NA
30,"2002-03","New South Wales",4194
30,"2002-03","Queensland",711
30,"2002-03","Victoria",5967
30,"2003-04","New South Wales",95
30,"2003-04","Queensland",211
30,"2003-04","Victoria",7.3
30,"2004-05","New South Wales",69.1
30,"2004-05","Queensland",340
30,"2004-05","Victoria",24.6
30,"2005-06","New South Wales",54
30,"2005-06","Queensland",266
30,"2005-06","Victoria",1602
30,"2006-07","New South Wales",179.2
30,"2006-07","Queensland",139
30,"2006-07","Victoria",40.2
30,"2007-08","New South Wales",21
30,"2007-08","Queensland",117
30,"2007-08","Victoria",1.6
30,"2008-09","New South Wales",44.1
30,"2008-09","Queensland",71.1
30,"2008-09","Victoria",3.6
30,"2009-10","New South Wales",131
30,"2009-10","Queensland",1364
30,"2009-10","Victoria",74.1
30,"2010-11","New South Wales",83
30,"2010-11","Queensland",175
30,"2010-11","Victoria",1.6
30,"2011-12","New South Wales",48.2
30,"2011-12","Queensland",638
30,"2011-12","Victoria",14.3
30,"2012-13","New South Wales",174
30,"2012-13","Queensland",1042
30,"2012-13","Victoria",353
30,"2013-14","New South Wales",353.1
30,"2013-14","Queensland",1015
30,"2013-14","Victoria",349.2
30,"2014-15","New South Wales",41
30,"2014-15","Queensland",156.1
30,"2014-15","Victoria",1.6
30,"2015-16","New South Wales",42.1
30,"2015-16","Queensland",355
30,"2015-16","Victoria",7.4
30,"2016-17","New South Wales",71.1
30,"2016-17","Queensland",375
30,"2016-17","Victoria",15.4
30,"2017-18","New South Wales",794
30,"2017-18","Queensland",448
30,"2017-18","Victoria",20.4
30,"2018-19","New South Wales",226
30,"2018-19","Queensland",504
30,"2018-19","Victoria",134
30,"2019-20","New South Wales",NA
30,"2019-20","Queensland",NA
30,"2019-20","Victoria",NA
31,"2002-03","New South Wales",1742
31,"2002-03","Queensland",793
31,"2002-03","Victoria",2983
31,"2003-04","New South Wales",111
31,"2003-04","Queensland",263
31,"2003-04","Victoria",1.6
31,"2004-05","New South Wales",113
31,"2004-05","Queensland",285
31,"2004-05","Victoria",44.1
31,"2005-06","New South Wales",93
31,"2005-06","Queensland",607
31,"2005-06","Victoria",39.3
31,"2006-07","New South Wales",148
31,"2006-07","Queensland",279
31,"2006-07","Victoria",79
31,"2007-08","New South Wales",46
31,"2007-08","Queensland",262
31,"2007-08","Victoria",3.5
31,"2008-09","New South Wales",127
31,"2008-09","Queensland",100
31,"2008-09","Victoria",142.1
31,"2009-10","New South Wales",25
31,"2009-10","Queensland",299.1
31,"2009-10","Victoria",20.1
31,"2010-11","New South Wales",116
31,"2010-11","Queensland",602
31,"2010-11","Victoria",19.5
31,"2011-12","New South Wales",0.7
31,"2011-12","Queensland",31.2
31,"2011-12","Victoria",19.4
31,"2012-13","New South Wales",71
31,"2012-13","Queensland",1305
31,"2012-13","Victoria",55.2
31,"2013-14","New South Wales",229
31,"2013-14","Queensland",407
31,"2013-14","Victoria",290
31,"2014-15","New South Wales",32
31,"2014-15","Queensland",257
31,"2014-15","Victoria",4.4
31,"2015-16","New South Wales",60.1
31,"2015-16","Queensland",97
31,"2015-16","Victoria",5.6
31,"2016-17","New South Wales",79
31,"2016-17","Queensland",323
31,"2016-17","Victoria",4.5
31,"2017-18","New South Wales",66
31,"2017-18","Queensland",197
31,"2017-18","Victoria",6.4
31,"2018-19","New South Wales",210
31,"2018-19","Queensland",210
31,"2018-19","Victoria",197.1
31,"2019-20","New South Wales",NA
31,"2019-20","Queensland",NA
31,"2019-20","Victoria",NA
32,"2002-03","New South Wales",1020
32,"2002-03","Queensland",246
32,"2002-03","Victoria",2894
32,"2003-04","New South Wales",123
32,"2003-04","Queensland",167
32,"2003-04","Victoria",24.3
32,"2004-05","New South Wales",144
32,"2004-05","Queensland",858
32,"2004-05","Victoria",0.7
32,"2005-06","New South Wales",275
32,"2005-06","Queensland",601
32,"2005-06","Victoria",18.3
32,"2006-07","New South Wales",383
32,"2006-07","Queensland",395
32,"2006-07","Victoria",67.2
32,"2007-08","New South Wales",26.3
32,"2007-08","Queensland",84
32,"2007-08","Victoria",3.6
32,"2008-09","New South Wales",199
32,"2008-09","Queensland",328
32,"2008-09","Victoria",1117
32,"2009-10","New South Wales",22.2
32,"2009-10","Queensland",272
32,"2009-10","Victoria",3.6
32,"2010-11","New South Wales",61.1
32,"2010-11","Queensland",78.1
32,"2010-11","Victoria",4.6
32,"2011-12","New South Wales",46.1
32,"2011-12","Queensland",210
32,"2011-12","Victoria",8.5
32,"2012-13","New South Wales",87
32,"2012-13","Queensland",2195
32,"2012-13","Victoria",329
32,"2013-14","New South Wales",95
32,"2013-14","Queensland",241
32,"2013-14","Victoria",1455
32,"2014-15","New South Wales",114
32,"2014-15","Queensland",322
32,"2014-15","Victoria",8.5
32,"2015-16","New South Wales",98.1
32,"2015-16","Queensland",68
32,"2015-16","Victoria",6.5
32,"2016-17","New South Wales",149
32,"2016-17","Queensland",259
32,"2016-17","Victoria",10.4
32,"2017-18","New South Wales",111
32,"2017-18","Queensland",272
32,"2017-18","Victoria",5.4
32,"2018-19","New South Wales",112
32,"2018-19","Queensland",89.2
32,"2018-19","Victoria",98.5
32,"2019-20","New South Wales",NA
32,"2019-20","Queensland",NA
32,"2019-20","Victoria",NA
33,"2002-03","New South Wales",253
33,"2002-03","Queensland",244
33,"2002-03","Victoria",1116
33,"2003-04","New South Wales",101
33,"2003-04","Queensland",292
33,"2003-04","Victoria",9.3
33,"2004-05","New South Wales",97.1
33,"2004-05","Queensland",536
33,"2004-05","Victoria",1.6
33,"2005-06","New South Wales",190
33,"2005-06","Queensland",313
33,"2005-06","Victoria",9.5
33,"2006-07","New South Wales",196
33,"2006-07","Queensland",376
33,"2006-07","Victoria",5.4
33,"2007-08","New South Wales",67.1
33,"2007-08","Queensland",22.2
33,"2007-08","Victoria",2.5
33,"2008-09","New South Wales",43.4
33,"2008-09","Queensland",126.1
33,"2008-09","Victoria",1152
33,"2009-10","New South Wales",33.1
33,"2009-10","Queensland",154
33,"2009-10","Victoria",4.5
33,"2010-11","New South Wales",45
33,"2010-11","Queensland",173
33,"2010-11","Victoria",3.5
33,"2011-12","New South Wales",54
33,"2011-12","Queensland",372
33,"2011-12","Victoria",1.6
33,"2012-13","New South Wales",136
33,"2012-13","Queensland",277
33,"2012-13","Victoria",282
33,"2013-14","New South Wales",89.2
33,"2013-14","Queensland",216
33,"2013-14","Victoria",580
33,"2014-15","New South Wales",103
33,"2014-15","Queensland",128
33,"2014-15","Victoria",11.3
33,"2015-16","New South Wales",170
33,"2015-16","Queensland",239
33,"2015-16","Victoria",9.5
33,"2016-17","New South Wales",456
33,"2016-17","Queensland",271
33,"2016-17","Victoria",0.7
33,"2017-18","New South Wales",490
33,"2017-18","Queensland",386
33,"2017-18","Victoria",4.4
33,"2018-19","New South Wales",720
33,"2018-19","Queensland",1204
33,"2018-19","Victoria",30.3
33,"2019-20","New South Wales",NA
33,"2019-20","Queensland",NA
33,"2019-20","Victoria",NA
34,"2002-03","New South Wales",36.2
34,"2002-03","Queensland",340
34,"2002-03","Victoria",486.2
34,"2003-04","New South Wales",91
34,"2003-04","Queensland",135
34,"2003-04","Victoria",6.5
34,"2004-05","New South Wales",140.1
34,"2004-05","Queensland",554
34,"2004-05","Victoria",18.1
34,"2005-06","New South Wales",122
34,"2005-06","Queensland",373
34,"2005-06","Victoria",9.3
34,"2006-07","New South Wales",53
34,"2006-07","Queensland",241
34,"2006-07","Victoria",8.3
34,"2007-08","New South Wales",115
34,"2007-08","Queensland",101
34,"2007-08","Victoria",4.6
34,"2008-09","New South Wales",7.2
34,"2008-09","Queensland",156
34,"2008-09","Victoria",450
34,"2009-10","New South Wales",40.1
34,"2009-10","Queensland",69.1
34,"2009-10","Victoria",7.4
34,"2010-11","New South Wales",112
34,"2010-11","Queensland",447
34,"2010-11","Victoria",17.3
34,"2011-12","New South Wales",97
34,"2011-12","Queensland",1241
34,"2011-12","Victoria",32.2
34,"2012-13","New South Wales",92
34,"2012-13","Queensland",188
34,"2012-13","Victoria",763
34,"2013-14","New South Wales",35
34,"2013-14","Queensland",60
34,"2013-14","Victoria",580
34,"2014-15","New South Wales",73
34,"2014-15","Queensland",107
34,"2014-15","Victoria",23.4
34,"2015-16","New South Wales",143
34,"2015-16","Queensland",171
34,"2015-16","Victoria",1.6
34,"2016-17","New South Wales",188
34,"2016-17","Queensland",249
34,"2016-17","Victoria",11.4
34,"2017-18","New South Wales",154
34,"2017-18","Queensland",196
34,"2017-18","Victoria",0.7
34,"2018-19","New South Wales",259
34,"2018-19","Queensland",969
34,"2018-19","Victoria",35.4
34,"2019-20","New South Wales",NA
34,"2019-20","Queensland",NA
34,"2019-20","Victoria",NA
35,"2002-03","New South Wales",121
35,"2002-03","Queensland",122
35,"2002-03","Victoria",84.3
35,"2003-04","New South Wales",148
35,"2003-04","Queensland",171
35,"2003-04","Victoria",24.2
35,"2004-05","New South Wales",216
35,"2004-05","Queensland",782
35,"2004-05","Victoria",37.3
35,"2005-06","New South Wales",59
35,"2005-06","Queensland",240
35,"2005-06","Victoria",11.2
35,"2006-07","New South Wales",25
35,"2006-07","Queensland",408
35,"2006-07","Victoria",0.7
35,"2007-08","New South Wales",47
35,"2007-08","Queensland",47.2
35,"2007-08","Victoria",11.4
35,"2008-09","New South Wales",67
35,"2008-09","Queensland",160
35,"2008-09","Victoria",433
35,"2009-10","New South Wales",39.2
35,"2009-10","Queensland",41.3
35,"2009-10","Victoria",69.1
35,"2010-11","New South Wales",164
35,"2010-11","Queensland",531
35,"2010-11","Victoria",104.2
35,"2011-12","New South Wales",121.2
35,"2011-12","Queensland",146.1
35,"2011-12","Victoria",16.5
35,"2012-13","New South Wales",11.2
35,"2012-13","Queensland",164
35,"2012-13","Victoria",77.4
35,"2013-14","New South Wales",71.2
35,"2013-14","Queensland",127
35,"2013-14","Victoria",293.1
35,"2014-15","New South Wales",163
35,"2014-15","Queensland",163
35,"2014-15","Victoria",44.1
35,"2015-16","New South Wales",170
35,"2015-16","Queensland",202
35,"2015-16","Victoria",0.7
35,"2016-17","New South Wales",177
35,"2016-17","Queensland",198
35,"2016-17","Victoria",9.2
35,"2017-18","New South Wales",124
35,"2017-18","Queensland",177
35,"2017-18","Victoria",25.2
35,"2018-19","New South Wales",137
35,"2018-19","Queensland",259
35,"2018-19","Victoria",457.1
35,"2019-20","New South Wales",NA
35,"2019-20","Queensland",NA
35,"2019-20","Victoria",NA
36,"2002-03","New South Wales",253
36,"2002-03","Queensland",517
36,"2002-03","Victoria",22.4
36,"2003-04","New South Wales",248.1
36,"2003-04","Queensland",147
36,"2003-04","Victoria",5.4
36,"2004-05","New South Wales",334
36,"2004-05","Queensland",556
36,"2004-05","Victoria",50.2
36,"2005-06","New South Wales",123
36,"2005-06","Queensland",146
36,"2005-06","Victoria",13.3
36,"2006-07","New South Wales",28.1
36,"2006-07","Queensland",253
36,"2006-07","Victoria",7.4
36,"2007-08","New South Wales",140
36,"2007-08","Queensland",135.1
36,"2007-08","Victoria",67.2
36,"2008-09","New South Wales",100
36,"2008-09","Queensland",266
36,"2008-09","Victoria",25.6
36,"2009-10","New South Wales",29
36,"2009-10","Queensland",19.2
36,"2009-10","Victoria",72.4
36,"2010-11","New South Wales",579
36,"2010-11","Queensland",35.2
36,"2010-11","Victoria",675
36,"2011-12","New South Wales",29.1
36,"2011-12","Queensland",109
36,"2011-12","Victoria",12.3
36,"2012-13","New South Wales",75.2
36,"2012-13","Queensland",79
36,"2012-13","Victoria",36.1
36,"2013-14","New South Wales",83
36,"2013-14","Queensland",269
36,"2013-14","Victoria",49.2
36,"2014-15","New South Wales",654
36,"2014-15","Queensland",156
36,"2014-15","Victoria",346
36,"2015-16","New South Wales",226
36,"2015-16","Queensland",122.1
36,"2015-16","Victoria",1.6
36,"2016-17","New South Wales",246
36,"2016-17","Queensland",102
36,"2016-17","Victoria",11.2
36,"2017-18","New South Wales",173
36,"2017-18","Queensland",33
36,"2017-18","Victoria",85
36,"2018-19","New South Wales",121
36,"2018-19","Queensland",304
36,"2018-19","Victoria",794
36,"2019-20","New South Wales",NA
36,"2019-20","Queensland",NA
36,"2019-20","Victoria",NA
37,"2002-03","New South Wales",235
37,"2002-03","Queensland",284
37,"2002-03","Victoria",16.2
37,"2003-04","New South Wales",179
37,"2003-04","Queensland",127
37,"2003-04","Victoria",140.1
37,"2004-05","New South Wales",470
37,"2004-05","Queensland",417
37,"2004-05","Victoria",427
37,"2005-06","New South Wales",187
37,"2005-06","Queensland",420
37,"2005-06","Victoria",21.4
37,"2006-07","New South Wales",133
37,"2006-07","Queensland",274
37,"2006-07","Victoria",15.4
37,"2007-08","New South Wales",252
37,"2007-08","Queensland",127
37,"2007-08","Victoria",120
37,"2008-09","New South Wales",48
37,"2008-09","Queensland",143
37,"2008-09","Victoria",2.6
37,"2009-10","New South Wales",121
37,"2009-10","Queensland",51
37,"2009-10","Victoria",351
37,"2010-11","New South Wales",188
37,"2010-11","Queensland",50
37,"2010-11","Victoria",324.1
37,"2011-12","New South Wales",143
37,"2011-12","Queensland",90
37,"2011-12","Victoria",210
37,"2012-13","New South Wales",274
37,"2012-13","Queensland",145
37,"2012-13","Victoria",11.4
37,"2013-14","New South Wales",240
37,"2013-14","Queensland",204
37,"2013-14","Victoria",26
37,"2014-15","New South Wales",526
37,"2014-15","Queensland",215
37,"2014-15","Victoria",338
37,"2015-16","New South Wales",163
37,"2015-16","Queensland",86
37,"2015-16","Victoria",5.5
37,"2016-17","New South Wales",352
37,"2016-17","Queensland",160
37,"2016-17","Victoria",72.1
37,"2017-18","New South Wales",253
37,"2017-18","Queensland",338
37,"2017-18","Victoria",126.1
37,"2018-19","New South Wales",250
37,"2018-19","Queensland",435
37,"2018-19","Victoria",306
37,"2019-20","New South Wales",NA
37,"2019-20","Queensland",NA
37,"2019-20","Victoria",NA
38,"2002-03","New South Wales",311
38,"2002-03","Queensland",266
38,"2002-03","Victoria",17.3
38,"2003-04","New South Wales",417
38,"2003-04","Queensland",121
38,"2003-04","Victoria",218.1
38,"2004-05","New South Wales",295
38,"2004-05","Queensland",233
38,"2004-05","Victoria",257.1
38,"2005-06","New South Wales",175
38,"2005-06","Queensland",103.1
38,"2005-06","Victoria",130
38,"2006-07","New South Wales",88
38,"2006-07","Queensland",238
38,"2006-07","Victoria",30.2
38,"2007-08","New South Wales",97
38,"2007-08","Queensland",71
38,"2007-08","Victoria",50
38,"2008-09","New South Wales",227
38,"2008-09","Queensland",259
38,"2008-09","Victoria",36.3
38,"2009-10","New South Wales",363
38,"2009-10","Queensland",81
38,"2009-10","Victoria",563
38,"2010-11","New South Wales",530
38,"2010-11","Queensland",40.2
38,"2010-11","Victoria",1002
38,"2011-12","New South Wales",172
38,"2011-12","Queensland",13.2
38,"2011-12","Victoria",170.1
38,"2012-13","New South Wales",214
38,"2012-13","Queensland",183
38,"2012-13","Victoria",13.5
38,"2013-14","New South Wales",395
38,"2013-14","Queensland",188
38,"2013-14","Victoria",77.1
38,"2014-15","New South Wales",292
38,"2014-15","Queensland",273
38,"2014-15","Victoria",241.1
38,"2015-16","New South Wales",555
38,"2015-16","Queensland",105
38,"2015-16","Victoria",167.3
38,"2016-17","New South Wales",227
38,"2016-17","Queensland",80
38,"2016-17","Victoria",61.3
38,"2017-18","New South Wales",322
38,"2017-18","Queensland",269
38,"2017-18","Victoria",86
38,"2018-19","New South Wales",165
38,"2018-19","Queensland",296
38,"2018-19","Victoria",125
38,"2019-20","New South Wales",NA
38,"2019-20","Queensland",NA
38,"2019-20","Victoria",NA
39,"2002-03","New South Wales",283
39,"2002-03","Queensland",162
39,"2002-03","Victoria",153
39,"2003-04","New South Wales",413
39,"2003-04","Queensland",339
39,"2003-04","Victoria",145.1
39,"2004-05","New South Wales",265
39,"2004-05","Queensland",362
39,"2004-05","Victoria",212
39,"2005-06","New South Wales",200
39,"2005-06","Queensland",276
39,"2005-06","Victoria",100.1
39,"2006-07","New South Wales",107
39,"2006-07","Queensland",211
39,"2006-07","Victoria",57.3
39,"2007-08","New South Wales",70
39,"2007-08","Queensland",81
39,"2007-08","Victoria",33.2
39,"2008-09","New South Wales",218
39,"2008-09","Queensland",339
39,"2008-09","Victoria",294
39,"2009-10","New South Wales",374
39,"2009-10","Queensland",103
39,"2009-10","Victoria",524.1
39,"2010-11","New South Wales",845
39,"2010-11","Queensland",116
39,"2010-11","Victoria",906
39,"2011-12","New South Wales",202
39,"2011-12","Queensland",147
39,"2011-12","Victoria",343.1
39,"2012-13","New South Wales",432
39,"2012-13","Queensland",209
39,"2012-13","Victoria",167.2
39,"2013-14","New South Wales",64.2
39,"2013-14","Queensland",98
39,"2013-14","Victoria",89
39,"2014-15","New South Wales",472
39,"2014-15","Queensland",232
39,"2014-15","Victoria",639
39,"2015-16","New South Wales",380
39,"2015-16","Queensland",99.1
39,"2015-16","Victoria",77.2
39,"2016-17","New South Wales",759
39,"2016-17","Queensland",151
39,"2016-17","Victoria",135.2
39,"2017-18","New South Wales",332
39,"2017-18","Queensland",180
39,"2017-18","Victoria",207.1
39,"2018-19","New South Wales",81
39,"2018-19","Queensland",87.1
39,"2018-19","Victoria",77.2
39,"2019-20","New South Wales",NA
39,"2019-20","Queensland",NA
39,"2019-20","Victoria",NA
40,"2002-03","New South Wales",220
40,"2002-03","Queensland",189
40,"2002-03","Victoria",167.1
40,"2003-04","New South Wales",531
40,"2003-04","Queensland",298
40,"2003-04","Victoria",248.1
40,"2004-05","New South Wales",525
40,"2004-05","Queensland",226
40,"2004-05","Victoria",662
40,"2005-06","New South Wales",457
40,"2005-06","Queensland",207.1
40,"2005-06","Victoria",43.2
40,"2006-07","New South Wales",253
40,"2006-07","Queensland",211
40,"2006-07","Victoria",208
40,"2007-08","New South Wales",372
40,"2007-08","Queensland",183
40,"2007-08","Victoria",125.1
40,"2008-09","New South Wales",113
40,"2008-09","Queensland",288
40,"2008-09","Victoria",353.2
40,"2009-10","New South Wales",228
40,"2009-10","Queensland",71
40,"2009-10","Victoria",565
40,"2010-11","New South Wales",1535
40,"2010-11","Queensland",116
40,"2010-11","Victoria",960
40,"2011-12","New South Wales",649
40,"2011-12","Queensland",157
40,"2011-12","Victoria",740
40,"2012-13","New South Wales",432
40,"2012-13","Queensland",126
40,"2012-13","Victoria",175.2
40,"2013-14","New South Wales",666
40,"2013-14","Queensland",140
40,"2013-14","Victoria",547
40,"2014-15","New South Wales",572
40,"2014-15","Queensland",47
40,"2014-15","Victoria",549
40,"2015-16","New South Wales",1255
40,"2015-16","Queensland",150
40,"2015-16","Victoria",630
40,"2016-17","New South Wales",1177
40,"2016-17","Queensland",184
40,"2016-17","Victoria",452.1
40,"2017-18","New South Wales",598
40,"2017-18","Queensland",123
40,"2017-18","Victoria",571.1
40,"2018-19","New South Wales",328
40,"2018-19","Queensland",222
40,"2018-19","Victoria",87.2
40,"2019-20","New South Wales",NA
40,"2019-20","Queensland",NA
40,"2019-20","Victoria",NA
41,"2002-03","New South Wales",366.1
41,"2002-03","Queensland",216
41,"2002-03","Victoria",172.2
41,"2003-04","New South Wales",437
41,"2003-04","Queensland",187
41,"2003-04","Victoria",566
41,"2004-05","New South Wales",518
41,"2004-05","Queensland",319
41,"2004-05","Victoria",592
41,"2005-06","New South Wales",799
41,"2005-06","Queensland",235
41,"2005-06","Victoria",270.1
41,"2006-07","New South Wales",396
41,"2006-07","Queensland",174
41,"2006-07","Victoria",558
41,"2007-08","New South Wales",212
41,"2007-08","Queensland",151
41,"2007-08","Victoria",535
41,"2008-09","New South Wales",167.1
41,"2008-09","Queensland",123.2
41,"2008-09","Victoria",196
41,"2009-10","New South Wales",181
41,"2009-10","Queensland",119
41,"2009-10","Victoria",124.1
41,"2010-11","New South Wales",830
41,"2010-11","Queensland",198
41,"2010-11","Victoria",877.1
41,"2011-12","New South Wales",490
41,"2011-12","Queensland",178
41,"2011-12","Victoria",291.1
41,"2012-13","New South Wales",694
41,"2012-13","Queensland",58
41,"2012-13","Victoria",752
41,"2013-14","New South Wales",232
41,"2013-14","Queensland",142
41,"2013-14","Victoria",26.3
41,"2014-15","New South Wales",499
41,"2014-15","Queensland",193
41,"2014-15","Victoria",473.1
41,"2015-16","New South Wales",1155
41,"2015-16","Queensland",280
41,"2015-16","Victoria",368
41,"2016-17","New South Wales",1092
41,"2016-17","Queensland",254
41,"2016-17","Victoria",493.1
41,"2017-18","New South Wales",850
41,"2017-18","Queensland",306
41,"2017-18","Victoria",382
41,"2018-19","New South Wales",393
41,"2018-19","Queensland",297
41,"2018-19","Victoria",386
41,"2019-20","New South Wales",NA
41,"2019-20","Queensland",NA
41,"2019-20","Victoria",NA
42,"2002-03","New South Wales",192
42,"2002-03","Queensland",128
42,"2002-03","Victoria",77
42,"2003-04","New South Wales",658
42,"2003-04","Queensland",226
42,"2003-04","Victoria",308.1
42,"2004-05","New South Wales",578
42,"2004-05","Queensland",509
42,"2004-05","Victoria",204
42,"2005-06","New South Wales",889
42,"2005-06","Queensland",194
42,"2005-06","Victoria",145.2
42,"2006-07","New South Wales",331
42,"2006-07","Queensland",237
42,"2006-07","Victoria",510
42,"2007-08","New South Wales",240
42,"2007-08","Queensland",199
42,"2007-08","Victoria",701
42,"2008-09","New South Wales",163
42,"2008-09","Queensland",99
42,"2008-09","Victoria",359
42,"2009-10","New South Wales",385
42,"2009-10","Queensland",73
42,"2009-10","Victoria",797
42,"2010-11","New South Wales",795
42,"2010-11","Queensland",95
42,"2010-11","Victoria",496.1
42,"2011-12","New South Wales",660
42,"2011-12","Queensland",127
42,"2011-12","Victoria",882
42,"2012-13","New South Wales",377
42,"2012-13","Queensland",108
42,"2012-13","Victoria",425
42,"2013-14","New South Wales",512
42,"2013-14","Queensland",171
42,"2013-14","Victoria",606
42,"2014-15","New South Wales",689
42,"2014-15","Queensland",179
42,"2014-15","Victoria",257.2
42,"2015-16","New South Wales",756
42,"2015-16","Queensland",116
42,"2015-16","Victoria",465
42,"2016-17","New South Wales",1302
42,"2016-17","Queensland",345
42,"2016-17","Victoria",1362
42,"2017-18","New South Wales",673
42,"2017-18","Queensland",146
42,"2017-18","Victoria",864.1
42,"2018-19","New South Wales",345
42,"2018-19","Queensland",292
42,"2018-19","Victoria",283
42,"2019-20","New South Wales",NA
42,"2019-20","Queensland",NA
42,"2019-20","Victoria",NA
43,"2002-03","New South Wales",282.1
43,"2002-03","Queensland",223
43,"2002-03","Victoria",358
43,"2003-04","New South Wales",896
43,"2003-04","Queensland",192
43,"2003-04","Victoria",376.1
43,"2004-05","New South Wales",558
43,"2004-05","Queensland",410
43,"2004-05","Victoria",591
43,"2005-06","New South Wales",1332
43,"2005-06","Queensland",406
43,"2005-06","Victoria",1544.1
43,"2006-07","New South Wales",130.1
43,"2006-07","Queensland",324
43,"2006-07","Victoria",190
43,"2007-08","New South Wales",236
43,"2007-08","Queensland",157
43,"2007-08","Victoria",1092.1
43,"2008-09","New South Wales",317
43,"2008-09","Queensland",364
43,"2008-09","Victoria",852.2
43,"2009-10","New South Wales",252
43,"2009-10","Queensland",116
43,"2009-10","Victoria",203.3
43,"2010-11","New South Wales",1013
43,"2010-11","Queensland",84
43,"2010-11","Victoria",635
43,"2011-12","New South Wales",154
43,"2011-12","Queensland",195
43,"2011-12","Victoria",81
43,"2012-13","New South Wales",467
43,"2012-13","Queensland",230
43,"2012-13","Victoria",281
43,"2013-14","New South Wales",629
43,"2013-14","Queensland",133
43,"2013-14","Victoria",517
43,"2014-15","New South Wales",289
43,"2014-15","Queensland",497
43,"2014-15","Victoria",314.2
43,"2015-16","New South Wales",887
43,"2015-16","Queensland",219
43,"2015-16","Victoria",311
43,"2016-17","New South Wales",566
43,"2016-17","Queensland",347
43,"2016-17","Victoria",156.1
43,"2017-18","New South Wales",625
43,"2017-18","Queensland",257
43,"2017-18","Victoria",561
43,"2018-19","New South Wales",172
43,"2018-19","Queensland",68
43,"2018-19","Victoria",242
43,"2019-20","New South Wales",NA
43,"2019-20","Queensland",NA
43,"2019-20","Victoria",NA
44,"2002-03","New South Wales",327
44,"2002-03","Queensland",239
44,"2002-03","Victoria",124
44,"2003-04","New South Wales",643
44,"2003-04","Queensland",98
44,"2003-04","Victoria",592.1
44,"2004-05","New South Wales",711
44,"2004-05","Queensland",394
44,"2004-05","Victoria",239
44,"2005-06","New South Wales",402
44,"2005-06","Queensland",284
44,"2005-06","Victoria",67.2
44,"2006-07","New South Wales",170
44,"2006-07","Queensland",336
44,"2006-07","Victoria",50.2
44,"2007-08","New South Wales",146
44,"2007-08","Queensland",266
44,"2007-08","Victoria",54
44,"2008-09","New South Wales",306
44,"2008-09","Queensland",487
44,"2008-09","Victoria",186
44,"2009-10","New South Wales",520
44,"2009-10","Queensland",118
44,"2009-10","Victoria",286
44,"2010-11","New South Wales",803
44,"2010-11","Queensland",152
44,"2010-11","Victoria",430.1
44,"2011-12","New South Wales",577
44,"2011-12","Queensland",33
44,"2011-12","Victoria",273
44,"2012-13","New South Wales",667
44,"2012-13","Queensland",231
44,"2012-13","Victoria",479
44,"2013-14","New South Wales",222
44,"2013-14","Queensland",123
44,"2013-14","Victoria",83.3
44,"2014-15","New South Wales",464
44,"2014-15","Queensland",289
44,"2014-15","Victoria",524
44,"2015-16","New South Wales",528
44,"2015-16","Queensland",81
44,"2015-16","Victoria",88
44,"2016-17","New South Wales",628
44,"2016-17","Queensland",287
44,"2016-17","Victoria",184
44,"2017-18","New South Wales",607
44,"2017-18","Queensland",243
44,"2017-18","Victoria",589
44,"2018-19","New South Wales",262
44,"2018-19","Queensland",74
44,"2018-19","Victoria",232
44,"2019-20","New South Wales",NA
44,"2019-20","Queensland",NA
44,"2019-20","Victoria",NA
45,"2002-03","New South Wales",355
45,"2002-03","Queensland",250
45,"2002-03","Victoria",436.1
45,"2003-04","New South Wales",1258
45,"2003-04","Queensland",153
45,"2003-04","Victoria",609
45,"2004-05","New South Wales",438
45,"2004-05","Queensland",269
45,"2004-05","Victoria",185
45,"2005-06","New South Wales",745
45,"2005-06","Queensland",411
45,"2005-06","Victoria",28.1
45,"2006-07","New South Wales",325
45,"2006-07","Queensland",341
45,"2006-07","Victoria",147
45,"2007-08","New South Wales",366
45,"2007-08","Queensland",376
45,"2007-08","Victoria",91
45,"2008-09","New South Wales",583
45,"2008-09","Queensland",239
45,"2008-09","Victoria",365
45,"2009-10","New South Wales",356
45,"2009-10","Queensland",221
45,"2009-10","Victoria",96
45,"2010-11","New South Wales",885
45,"2010-11","Queensland",223
45,"2010-11","Victoria",157.2
45,"2011-12","New South Wales",431
45,"2011-12","Queensland",195
45,"2011-12","Victoria",227.1
45,"2012-13","New South Wales",723
45,"2012-13","Queensland",87
45,"2012-13","Victoria",586
45,"2013-14","New South Wales",263
45,"2013-14","Queensland",137
45,"2013-14","Victoria",142.1
45,"2014-15","New South Wales",334
45,"2014-15","Queensland",960
45,"2014-15","Victoria",28.2
45,"2015-16","New South Wales",873.1
45,"2015-16","Queensland",178
45,"2015-16","Victoria",279.2
45,"2016-17","New South Wales",1304
45,"2016-17","Queensland",270
45,"2016-17","Victoria",787
45,"2017-18","New South Wales",771
45,"2017-18","Queensland",348
45,"2017-18","Victoria",395.1
45,"2018-19","New South Wales",361
45,"2018-19","Queensland",300
45,"2018-19","Victoria",231.2
45,"2019-20","New South Wales",NA
45,"2019-20","Queensland",NA
45,"2019-20","Victoria",NA
46,"2002-03","New South Wales",89
46,"2002-03","Queensland",247
46,"2002-03","Victoria",78
46,"2003-04","New South Wales",1113
46,"2003-04","Queensland",208
46,"2003-04","Victoria",794
46,"2004-05","New South Wales",532
46,"2004-05","Queensland",395
46,"2004-05","Victoria",214
46,"2005-06","New South Wales",1316
46,"2005-06","Queensland",243
46,"2005-06","Victoria",293
46,"2006-07","New South Wales",204
46,"2006-07","Queensland",201
46,"2006-07","Victoria",121.1
46,"2007-08","New South Wales",328
46,"2007-08","Queensland",297
46,"2007-08","Victoria",363.1
46,"2008-09","New South Wales",354
46,"2008-09","Queensland",323
46,"2008-09","Victoria",183
46,"2009-10","New South Wales",367
46,"2009-10","Queensland",231
46,"2009-10","Victoria",90
46,"2010-11","New South Wales",715
46,"2010-11","Queensland",363
46,"2010-11","Victoria",93.1
46,"2011-12","New South Wales",418
46,"2011-12","Queensland",356
46,"2011-12","Victoria",79.1
46,"2012-13","New South Wales",338
46,"2012-13","Queensland",95.1
46,"2012-13","Victoria",124.2
46,"2013-14","New South Wales",417
46,"2013-14","Queensland",206
46,"2013-14","Victoria",228.1
46,"2014-15","New South Wales",663
46,"2014-15","Queensland",937
46,"2014-15","Victoria",124
46,"2015-16","New South Wales",452
46,"2015-16","Queensland",510
46,"2015-16","Victoria",103
46,"2016-17","New South Wales",762
46,"2016-17","Queensland",539
46,"2016-17","Victoria",473
46,"2017-18","New South Wales",581
46,"2017-18","Queensland",666
46,"2017-18","Victoria",117.2
46,"2018-19","New South Wales",462
46,"2018-19","Queensland",199
46,"2018-19","Victoria",357
46,"2019-20","New South Wales",NA
46,"2019-20","Queensland",NA
46,"2019-20","Victoria",NA
47,"2002-03","New South Wales",255
47,"2002-03","Queensland",618
47,"2002-03","Victoria",38.1
47,"2003-04","New South Wales",922
47,"2003-04","Queensland",271
47,"2003-04","Victoria",319.1
47,"2004-05","New South Wales",539
47,"2004-05","Queensland",638
47,"2004-05","Victoria",200.1
47,"2005-06","New South Wales",710
47,"2005-06","Queensland",197
47,"2005-06","Victoria",162.1
47,"2006-07","New South Wales",184
47,"2006-07","Queensland",343
47,"2006-07","Victoria",48.1
47,"2007-08","New South Wales",278
47,"2007-08","Queensland",327
47,"2007-08","Victoria",60.1
47,"2008-09","New South Wales",139
47,"2008-09","Queensland",603
47,"2008-09","Victoria",300
47,"2009-10","New South Wales",220.1
47,"2009-10","Queensland",133
47,"2009-10","Victoria",159
47,"2010-11","New South Wales",696
47,"2010-11","Queensland",251
47,"2010-11","Victoria",107.3
47,"2011-12","New South Wales",623
47,"2011-12","Queensland",224.1
47,"2011-12","Victoria",89
47,"2012-13","New South Wales",330
47,"2012-13","Queensland",61
47,"2012-13","Victoria",121
47,"2013-14","New South Wales",381
47,"2013-14","Queensland",161
47,"2013-14","Victoria",100.3
47,"2014-15","New South Wales",87
47,"2014-15","Queensland",409
47,"2014-15","Victoria",50
47,"2015-16","New South Wales",872
47,"2015-16","Queensland",371
47,"2015-16","Victoria",36
47,"2016-17","New South Wales",194.2
47,"2016-17","Queensland",362
47,"2016-17","Victoria",91.2
47,"2017-18","New South Wales",647
47,"2017-18","Queensland",426
47,"2017-18","Victoria",169.1
47,"2018-19","New South Wales",347
47,"2018-19","Queensland",237
47,"2018-19","Victoria",255
47,"2019-20","New South Wales",NA
47,"2019-20","Queensland",NA
47,"2019-20","Victoria",NA
48,"2002-03","New South Wales",409
48,"2002-03","Queensland",405
48,"2002-03","Victoria",98.1
48,"2003-04","New South Wales",922.1
48,"2003-04","Queensland",320
48,"2003-04","Victoria",233.1
48,"2004-05","New South Wales",648
48,"2004-05","Queensland",676
48,"2004-05","Victoria",66.2
48,"2005-06","New South Wales",752
48,"2005-06","Queensland",399
48,"2005-06","Victoria",77
48,"2006-07","New South Wales",189
48,"2006-07","Queensland",266
48,"2006-07","Victoria",37.1
48,"2007-08","New South Wales",189
48,"2007-08","Queensland",168
48,"2007-08","Victoria",46.2
48,"2008-09","New South Wales",130
48,"2008-09","Queensland",295
48,"2008-09","Victoria",78
48,"2009-10","New South Wales",32.2
48,"2009-10","Queensland",136
48,"2009-10","Victoria",5.6
48,"2010-11","New South Wales",431
48,"2010-11","Queensland",713
48,"2010-11","Victoria",82.2
48,"2011-12","New South Wales",157
48,"2011-12","Queensland",60.2
48,"2011-12","Victoria",40.2
48,"2012-13","New South Wales",283
48,"2012-13","Queensland",104
48,"2012-13","Victoria",78.1
48,"2013-14","New South Wales",96
48,"2013-14","Queensland",221
48,"2013-14","Victoria",7.5
48,"2014-15","New South Wales",66
48,"2014-15","Queensland",370
48,"2014-15","Victoria",33.3
48,"2015-16","New South Wales",346
48,"2015-16","Queensland",242
48,"2015-16","Victoria",53.2
48,"2016-17","New South Wales",318
48,"2016-17","Queensland",792
48,"2016-17","Victoria",19.2
48,"2017-18","New South Wales",298
48,"2017-18","Queensland",564
48,"2017-18","Victoria",101
48,"2018-19","New South Wales",530
48,"2018-19","Queensland",419
48,"2018-19","Victoria",18
48,"2019-20","New South Wales",NA
48,"2019-20","Queensland",NA
48,"2019-20","Victoria",NA
49,"2002-03","New South Wales",182
49,"2002-03","Queensland",571
49,"2002-03","Victoria",26.3
49,"2003-04","New South Wales",667.1
49,"2003-04","Queensland",252
49,"2003-04","Victoria",87.2
49,"2004-05","New South Wales",679
49,"2004-05","Queensland",458
49,"2004-05","Victoria",127
49,"2005-06","New South Wales",616
49,"2005-06","Queensland",380
49,"2005-06","Victoria",27.3
49,"2006-07","New South Wales",71
49,"2006-07","Queensland",175
49,"2006-07","Victoria",5.5
49,"2007-08","New South Wales",75.1
49,"2007-08","Queensland",131
49,"2007-08","Victoria",26.3
49,"2008-09","New South Wales",25.2
49,"2008-09","Queensland",390
49,"2008-09","Victoria",2.6
49,"2009-10","New South Wales",70
49,"2009-10","Queensland",514
49,"2009-10","Victoria",43.3
49,"2010-11","New South Wales",324
49,"2010-11","Queensland",873
49,"2010-11","Victoria",93.3
49,"2011-12","New South Wales",51.2
49,"2011-12","Queensland",263
49,"2011-12","Victoria",12.4
49,"2012-13","New South Wales",24.2
49,"2012-13","Queensland",247
49,"2012-13","Victoria",1.6
49,"2013-14","New South Wales",57.1
49,"2013-14","Queensland",243
49,"2013-14","Victoria",7.3
49,"2014-15","New South Wales",196
49,"2014-15","Queensland",681
49,"2014-15","Victoria",15.1
49,"2015-16","New South Wales",43.4
49,"2015-16","Queensland",394
49,"2015-16","Victoria",34.4
49,"2016-17","New South Wales",445
49,"2016-17","Queensland",862
49,"2016-17","Victoria",112.1
49,"2017-18","New South Wales",313
49,"2017-18","Queensland",1025
49,"2017-18","Victoria",78.1
49,"2018-19","New South Wales",215
49,"2018-19","Queensland",259
49,"2018-19","Victoria",25.2
49,"2019-20","New South Wales",NA
49,"2019-20","Queensland",NA
49,"2019-20","Victoria",NA
50,"2002-03","New South Wales",215
50,"2002-03","Queensland",458
50,"2002-03","Victoria",7.4
50,"2003-04","New South Wales",298
50,"2003-04","Queensland",512
50,"2003-04","Victoria",70.2
50,"2004-05","New South Wales",150.1
50,"2004-05","Queensland",286
50,"2004-05","Victoria",62.1
50,"2005-06","New South Wales",404.1
50,"2005-06","Queensland",179
50,"2005-06","Victoria",33
50,"2006-07","New South Wales",33
50,"2006-07","Queensland",343
50,"2006-07","Victoria",8.6
50,"2007-08","New South Wales",31.2
50,"2007-08","Queensland",273
50,"2007-08","Victoria",6.3
50,"2008-09","New South Wales",37
50,"2008-09","Queensland",646
50,"2008-09","Victoria",5.4
50,"2009-10","New South Wales",83
50,"2009-10","Queensland",359
50,"2009-10","Victoria",9.4
50,"2010-11","New South Wales",221
50,"2010-11","Queensland",700
50,"2010-11","Victoria",68.1
50,"2011-12","New South Wales",102
50,"2011-12","Queensland",552
50,"2011-12","Victoria",24.4
50,"2012-13","New South Wales",66.1
50,"2012-13","Queensland",163
50,"2012-13","Victoria",19.4
50,"2013-14","New South Wales",98.2
50,"2013-14","Queensland",138
50,"2013-14","Victoria",6.5
50,"2014-15","New South Wales",210
50,"2014-15","Queensland",133
50,"2014-15","Victoria",15.3
50,"2015-16","New South Wales",62
50,"2015-16","Queensland",458
50,"2015-16","Victoria",5.6
50,"2016-17","New South Wales",296
50,"2016-17","Queensland",685
50,"2016-17","Victoria",34.2
50,"2017-18","New South Wales",180
50,"2017-18","Queensland",765
50,"2017-18","Victoria",7.3
50,"2018-19","New South Wales",230
50,"2018-19","Queensland",511
50,"2018-19","Victoria",38.1
50,"2019-20","New South Wales",NA
50,"2019-20","Queensland",NA
50,"2019-20","Victoria",NA
51,"2002-03","New South Wales",158
51,"2002-03","Queensland",408
51,"2002-03","Victoria",1.6
51,"2003-04","New South Wales",152
51,"2003-04","Queensland",910
51,"2003-04","Victoria",4.5
51,"2004-05","New South Wales",102.2
51,"2004-05","Queensland",293
51,"2004-05","Victoria",22.2
51,"2005-06","New South Wales",848
51,"2005-06","Queensland",134
51,"2005-06","Victoria",35.2
51,"2006-07","New South Wales",33
51,"2006-07","Queensland",137.1
51,"2006-07","Victoria",2.5
51,"2007-08","New South Wales",59
51,"2007-08","Queensland",215
51,"2007-08","Victoria",22.3
51,"2008-09","New South Wales",78
51,"2008-09","Queensland",707
51,"2008-09","Victoria",19.3
51,"2009-10","New South Wales",60.1
51,"2009-10","Queensland",452
51,"2009-10","Victoria",9.3
51,"2010-11","New South Wales",140
51,"2010-11","Queensland",1386
51,"2010-11","Victoria",10.4
51,"2011-12","New South Wales",86
51,"2011-12","Queensland",817
51,"2011-12","Victoria",14.2
51,"2012-13","New South Wales",75
51,"2012-13","Queensland",149
51,"2012-13","Victoria",15.3
51,"2013-14","New South Wales",64
51,"2013-14","Queensland",190
51,"2013-14","Victoria",5.3
51,"2014-15","New South Wales",6.3
51,"2014-15","Queensland",239
51,"2014-15","Victoria",4.6
51,"2015-16","New South Wales",85.3
51,"2015-16","Queensland",154
51,"2015-16","Victoria",10.6
51,"2016-17","New South Wales",243
51,"2016-17","Queensland",774
51,"2016-17","Victoria",39.1
51,"2017-18","New South Wales",238
51,"2017-18","Queensland",803
51,"2017-18","Victoria",21.3
51,"2018-19","New South Wales",332
51,"2018-19","Queensland",898
51,"2018-19","Victoria",23.2
51,"2019-20","New South Wales",NA
51,"2019-20","Queensland",NA
51,"2019-20","Victoria",NA
52,"2002-03","New South Wales",86
52,"2002-03","Queensland",373
52,"2002-03","Victoria",3.6
52,"2003-04","New South Wales",302
52,"2003-04","Queensland",671
52,"2003-04","Victoria",21.3
52,"2004-05","New South Wales",128.1
52,"2004-05","Queensland",121
52,"2004-05","Victoria",44.2
52,"2005-06","New South Wales",351.1
52,"2005-06","Queensland",229
52,"2005-06","Victoria",11.2
52,"2006-07","New South Wales",30
52,"2006-07","Queensland",159.1
52,"2006-07","Victoria",4.3
52,"2007-08","New South Wales",67
52,"2007-08","Queensland",454
52,"2007-08","Victoria",5.4
52,"2008-09","New South Wales",54
52,"2008-09","Queensland",326
52,"2008-09","Victoria",12.2
52,"2009-10","New South Wales",58
52,"2009-10","Queensland",348
52,"2009-10","Victoria",3.5
52,"2010-11","New South Wales",232
52,"2010-11","Queensland",1115
52,"2010-11","Victoria",23.2
52,"2011-12","New South Wales",67
52,"2011-12","Queensland",510
52,"2011-12","Victoria",2.6
52,"2012-13","New South Wales",32.1
52,"2012-13","Queensland",402
52,"2012-13","Victoria",41
52,"2013-14","New South Wales",99
52,"2013-14","Queensland",547
52,"2013-14","Victoria",4.5
52,"2014-15","New South Wales",34.2
52,"2014-15","Queensland",295
52,"2014-15","Victoria",5.5
52,"2015-16","New South Wales",23.4
52,"2015-16","Queensland",225
52,"2015-16","Victoria",11.3
52,"2016-17","New South Wales",208
52,"2016-17","Queensland",830
52,"2016-17","Victoria",10.3
52,"2017-18","New South Wales",201
52,"2017-18","Queensland",699
52,"2017-18","Victoria",16.3
52,"2018-19","New South Wales",313
52,"2018-19","Queensland",695
52,"2018-19","Victoria",51.2
52,"2019-20","New South Wales",NA
52,"2019-20","Queensland",NA
52,"2019-20","Victoria",NA
