"year","week","name","value","week_abs"
2019,31,"ABERDEEN",219,0
2019,31,"ALBURY",209,0
2019,31,"ARMIDALE",657,0
2019,31,"BARGO",201,0
2019,31,"BATHURST",181,0
2019,31,"BERESFIELD",249,0
2019,31,"BRINGELLY",230,0
2019,31,"BULGA",201,0
2019,31,"CAMBERWELL",362,0
2019,31,"CAMDEN",204,0
2019,31,"CARRINGTON",244,0
2019,31,"CHULLORA",294,0
2019,31,"EARLWOOD",214,0
2019,31,"GOULBURN",-5,0
2019,31,"GUNNEDAH",316,0
2019,31,"LIVERPOOL",275,0
2019,31,"NARRABRI",86,0
2019,31,"NEWCASTLE",227,0
2019,31,"OAKDALE",213,0
2019,31,"ORANGE",353,0
2019,31,"PROSPECT",235,0
2019,31,"RANDWICK",201,0
2019,31,"RICHMOND",366,0
2019,31,"SINGLETON",268,0
2019,31,"STOCKTON",362,0
2019,31,"TAMWORTH",283,0
2019,31,"WARKWORTH",239,0
2019,31,"WOLLONGONG",156,0
2019,31,"WYBONG",182,0
2019,31,"WYONG",186,0
2019,32,"ABERDEEN",407,1
2019,32,"ALBURY",164,1
2019,32,"ARMIDALE",914,1
2019,32,"BARGO",271,1
2019,32,"BATHURST",218,1
2019,32,"BERESFIELD",423,1
2019,32,"BRINGELLY",315,1
2019,32,"BULGA",284,1
2019,32,"CAMBERWELL",881,1
2019,32,"CAMDEN",315,1
2019,32,"CARRINGTON",424,1
2019,32,"CHULLORA",367,1
2019,32,"EARLWOOD",300,1
2019,32,"GOULBURN",-7,1
2019,32,"GUNNEDAH",516,1
2019,32,"LIVERPOOL",360,1
2019,32,"NARRABRI",229,1
2019,32,"NEWCASTLE",354,1
2019,32,"OAKDALE",286,1
2019,32,"ORANGE",439,1
2019,32,"PROSPECT",335,1
2019,32,"RANDWICK",291,1
2019,32,"RICHMOND",377,1
2019,32,"SINGLETON",530,1
2019,32,"STOCKTON",551,1
2019,32,"TAMWORTH",508,1
2019,32,"WARKWORTH",377,1
2019,32,"WOLLONGONG",183,1
2019,32,"WYBONG",267,1
2019,32,"WYONG",315,1
2019,33,"ABERDEEN",292,2
2019,33,"ALBURY",248,2
2019,33,"ARMIDALE",921,2
2019,33,"BARGO",305,2
2019,33,"BATHURST",229,2
2019,33,"BERESFIELD",386,2
2019,33,"BRINGELLY",343,2
2019,33,"BULGA",289,2
2019,33,"CAMBERWELL",648,2
2019,33,"CAMDEN",288,2
2019,33,"CARRINGTON",392,2
2019,33,"CHULLORA",483,2
2019,33,"EARLWOOD",293,2
2019,33,"GOULBURN",-7,2
2019,33,"GUNNEDAH",553,2
2019,33,"LIVERPOOL",424,2
2019,33,"NARRABRI",354,2
2019,33,"NEWCASTLE",335,2
2019,33,"OAKDALE",319,2
2019,33,"ORANGE",701,2
2019,33,"PROSPECT",381,2
2019,33,"RANDWICK",292,2
2019,33,"RICHMOND",923,2
2019,33,"SINGLETON",459,2
2019,33,"STOCKTON",582,2
2019,33,"TAMWORTH",425,2
2019,33,"WARKWORTH",371,2
2019,33,"WOLLONGONG",184,2
2019,33,"WYBONG",226,2
2019,33,"WYONG",321,2
2019,34,"ABERDEEN",382,3
2019,34,"ALBURY",199,3
2019,34,"ARMIDALE",805,3
2019,34,"BARGO",283,3
2019,34,"BATHURST",231,3
2019,34,"BERESFIELD",376,3
2019,34,"BRINGELLY",307,3
2019,34,"BULGA",305,3
2019,34,"CAMBERWELL",674,3
2019,34,"CAMDEN",279,3
2019,34,"CARRINGTON",407,3
2019,34,"CHULLORA",305,3
2019,34,"EARLWOOD",305,3
2019,34,"GOULBURN",-7,3
2019,34,"GUNNEDAH",334,3
2019,34,"LIVERPOOL",348,3
2019,34,"NARRABRI",246,3
2019,34,"NEWCASTLE",375,3
2019,34,"OAKDALE",287,3
2019,34,"ORANGE",437,3
2019,34,"PROSPECT",336,3
2019,34,"RANDWICK",327,3
2019,34,"RICHMOND",329,3
2019,34,"SINGLETON",446,3
2019,34,"STOCKTON",487,3
2019,34,"TAMWORTH",390,3
2019,34,"WARKWORTH",414,3
2019,34,"WOLLONGONG",233,3
2019,34,"WYBONG",331,3
2019,34,"WYONG",321,3
2019,35,"ABERDEEN",238,4
2019,35,"ALBURY",197,4
2019,35,"ARMIDALE",591,4
2019,35,"BARGO",266,4
2019,35,"BATHURST",182,4
2019,35,"BERESFIELD",255,4
2019,35,"BRINGELLY",271,4
2019,35,"BULGA",169,4
2019,35,"CAMBERWELL",278,4
2019,35,"CAMDEN",273,4
2019,35,"CARRINGTON",202,4
2019,35,"CHULLORA",293,4
2019,35,"EARLWOOD",271,4
2019,35,"GOULBURN",-7,4
2019,35,"GUNNEDAH",307,4
2019,35,"LIVERPOOL",212,4
2019,35,"NARRABRI",160,4
2019,35,"NEWCASTLE",194,4
2019,35,"OAKDALE",277,4
2019,35,"ORANGE",426,4
2019,35,"PROSPECT",264,4
2019,35,"RANDWICK",287,4
2019,35,"RICHMOND",286,4
2019,35,"SINGLETON",217,4
2019,35,"STOCKTON",279,4
2019,35,"TAMWORTH",325,4
2019,35,"WARKWORTH",197,4
2019,35,"WOLLONGONG",182,4
2019,35,"WYBONG",171,4
2019,35,"WYONG",272,4
2019,36,"ABERDEEN",401,5
2019,36,"ALBURY",174,5
2019,36,"ARMIDALE",705,5
2019,36,"BARGO",288,5
2019,36,"BATHURST",266,5
2019,36,"BERESFIELD",369,5
2019,36,"BRINGELLY",217,5
2019,36,"BULGA",336,5
2019,36,"CAMBERWELL",635,5
2019,36,"CAMDEN",171,5
2019,36,"CARRINGTON",382,5
2019,36,"CHULLORA",333,5
2019,36,"EARLWOOD",290,5
2019,36,"GOULBURN",-7,5
2019,36,"GUNNEDAH",598,5
2019,36,"LIVERPOOL",271,5
2019,36,"NARRABRI",688,5
2019,36,"NEWCASTLE",322,5
2019,36,"OAKDALE",254,5
2019,36,"ORANGE",311,5
2019,36,"PROSPECT",310,5
2019,36,"RANDWICK",299,5
2019,36,"RICHMOND",343,5
2019,36,"SINGLETON",474,5
2019,36,"STOCKTON",499,5
2019,36,"TAMWORTH",839,5
2019,36,"WARKWORTH",413,5
2019,36,"WOLLONGONG",175,5
2019,36,"WYBONG",370,5
2019,36,"WYONG",345,5
2019,37,"ABERDEEN",362,6
2019,37,"ALBURY",254,6
2019,37,"ARMIDALE",909,6
2019,37,"BARGO",312,6
2019,37,"BATHURST",222,6
2019,37,"BERESFIELD",380,6
2019,37,"BRINGELLY",352,6
2019,37,"BULGA",346,6
2019,37,"CAMBERWELL",601,6
2019,37,"CAMDEN",313,6
2019,37,"CARRINGTON",450,6
2019,37,"CHULLORA",416,6
2019,37,"EARLWOOD",324,6
2019,37,"GOULBURN",-7,6
2019,37,"GUNNEDAH",312,6
2019,37,"LIVERPOOL",390,6
2019,37,"NARRABRI",155,6
2019,37,"NEWCASTLE",425,6
2019,37,"OAKDALE",308,6
2019,37,"ORANGE",409,6
2019,37,"PROSPECT",337,6
2019,37,"RANDWICK",343,6
2019,37,"RICHMOND",334,6
2019,37,"SINGLETON",477,6
2019,37,"STOCKTON",722,6
2019,37,"TAMWORTH",403,6
2019,37,"WARKWORTH",463,6
2019,37,"WOLLONGONG",258,6
2019,37,"WYBONG",309,6
2019,37,"WYONG",298,6
2019,38,"ABERDEEN",248,7
2019,38,"ALBURY",263,7
2019,38,"ARMIDALE",1551,7
2019,38,"BARGO",282,7
2019,38,"BATHURST",245,7
2019,38,"BERESFIELD",291,7
2019,38,"BRINGELLY",273,7
2019,38,"BULGA",202,7
2019,38,"CAMBERWELL",273,7
2019,38,"CAMDEN",263,7
2019,38,"CARRINGTON",375,7
2019,38,"CHULLORA",393,7
2019,38,"EARLWOOD",270,7
2019,38,"GOULBURN",-7,7
2019,38,"GUNNEDAH",418,7
2019,38,"LIVERPOOL",248,7
2019,38,"NARRABRI",295,7
2019,38,"NEWCASTLE",367,7
2019,38,"OAKDALE",301,7
2019,38,"ORANGE",416,7
2019,38,"PROSPECT",275,7
2019,38,"RANDWICK",323,7
2019,38,"RICHMOND",290,7
2019,38,"SINGLETON",222,7
2019,38,"STOCKTON",649,7
2019,38,"TAMWORTH",334,7
2019,38,"WARKWORTH",244,7
2019,38,"WOLLONGONG",273,7
2019,38,"WYBONG",219,7
2019,38,"WYONG",292,7
2019,39,"ABERDEEN",306,8
2019,39,"ALBURY",221,8
2019,39,"ARMIDALE",1196,8
2019,39,"BARGO",293,8
2019,39,"BATHURST",204,8
2019,39,"BERESFIELD",319,8
2019,39,"BRINGELLY",317,8
2019,39,"BULGA",328,8
2019,39,"CAMBERWELL",507,8
2019,39,"CAMDEN",303,8
2019,39,"CARRINGTON",325,8
2019,39,"CHULLORA",298,8
2019,39,"EARLWOOD",287,8
2019,39,"GOULBURN",-7,8
2019,39,"GUNNEDAH",335,8
2019,39,"LIVERPOOL",307,8
2019,39,"NARRABRI",157,8
2019,39,"NEWCASTLE",305,8
2019,39,"OAKDALE",317,8
2019,39,"ORANGE",331,8
2019,39,"PROSPECT",319,8
2019,39,"RANDWICK",311,8
2019,39,"RICHMOND",314,8
2019,39,"SINGLETON",305,8
2019,39,"STOCKTON",503,8
2019,39,"TAMWORTH",385,8
2019,39,"WARKWORTH",419,8
2019,39,"WOLLONGONG",239,8
2019,39,"WYBONG",293,8
2019,39,"WYONG",299,8
2019,40,"ABERDEEN",426,9
2019,40,"ALBURY",365,9
2019,40,"ARMIDALE",563,9
2019,40,"BARGO",371,9
2019,40,"BATHURST",396,9
2019,40,"BERESFIELD",359,9
2019,40,"BRINGELLY",366,9
2019,40,"BULGA",400,9
2019,40,"CAMBERWELL",545,9
2019,40,"CAMDEN",339,9
2019,40,"CARRINGTON",432,9
2019,40,"CHULLORA",332,9
2019,40,"EARLWOOD",335,9
2019,40,"GOULBURN",-7,9
2019,40,"GUNNEDAH",407,9
2019,40,"LIVERPOOL",368,9
2019,40,"NARRABRI",324,9
2019,40,"NEWCASTLE",399,9
2019,40,"OAKDALE",353,9
2019,40,"ORANGE",306,9
2019,40,"PROSPECT",378,9
2019,40,"RANDWICK",364,9
2019,40,"RICHMOND",345,9
2019,40,"SINGLETON",421,9
2019,40,"STOCKTON",673,9
2019,40,"TAMWORTH",479,9
2019,40,"WARKWORTH",493,9
2019,40,"WOLLONGONG",327,9
2019,40,"WYBONG",437,9
2019,40,"WYONG",324,9
2019,41,"ABERDEEN",287,10
2019,41,"ALBURY",157,10
2019,41,"ARMIDALE",398,10
2019,41,"BARGO",274,10
2019,41,"BATHURST",140,10
2019,41,"BERESFIELD",265,10
2019,41,"BRINGELLY",264,10
2019,41,"BULGA",229,10
2019,41,"CAMBERWELL",283,10
2019,41,"CAMDEN",267,10
2019,41,"CARRINGTON",216,10
2019,41,"CHULLORA",225,10
2019,41,"EARLWOOD",242,10
2019,41,"GOULBURN",-7,10
2019,41,"GUNNEDAH",487,10
2019,41,"LIVERPOOL",176,10
2019,41,"NARRABRI",498,10
2019,41,"NEWCASTLE",229,10
2019,41,"OAKDALE",282,10
2019,41,"ORANGE",177,10
2019,41,"PROSPECT",262,10
2019,41,"RANDWICK",262,10
2019,41,"RICHMOND",273,10
2019,41,"SINGLETON",229,10
2019,41,"STOCKTON",352,10
2019,41,"TAMWORTH",415,10
2019,41,"WARKWORTH",302,10
2019,41,"WOLLONGONG",167,10
2019,41,"WYBONG",311,10
2019,41,"WYONG",259,10
2019,42,"ABERDEEN",494,11
2019,42,"ALBURY",210,11
2019,42,"ARMIDALE",728,11
2019,42,"BARGO",351,11
2019,42,"BATHURST",261,11
2019,42,"BERESFIELD",358,11
2019,42,"BRINGELLY",348,11
2019,42,"BULGA",392,11
2019,42,"CAMBERWELL",679,11
2019,42,"CAMDEN",339,11
2019,42,"CARRINGTON",369,11
2019,42,"CHULLORA",328,11
2019,42,"EARLWOOD",310,11
2019,42,"GOULBURN",-7,11
2019,42,"GUNNEDAH",511,11
2019,42,"LIVERPOOL",318,11
2019,42,"NARRABRI",587,11
2019,42,"NEWCASTLE",350,11
2019,42,"OAKDALE",354,11
2019,42,"ORANGE",227,11
2019,42,"PROSPECT",357,11
2019,42,"RANDWICK",347,11
2019,42,"RICHMOND",357,11
2019,42,"SINGLETON",452,11
2019,42,"STOCKTON",595,11
2019,42,"TAMWORTH",605,11
2019,42,"WARKWORTH",504,11
2019,42,"WOLLONGONG",236,11
2019,42,"WYBONG",435,11
2019,42,"WYONG",309,11
2019,43,"ABERDEEN",681,12
2019,43,"ALBURY",345,12
2019,43,"ARMIDALE",967,12
2019,43,"BARGO",592,12
2019,43,"BATHURST",672,12
2019,43,"BERESFIELD",535,12
2019,43,"BRINGELLY",486,12
2019,43,"BULGA",615,12
2019,43,"CAMBERWELL",944,12
2019,43,"CAMDEN",301,12
2019,43,"CARRINGTON",585,12
2019,43,"CHULLORA",460,12
2019,43,"EARLWOOD",417,12
2019,43,"GOULBURN",-7,12
2019,43,"GUNNEDAH",455,12
2019,43,"LIVERPOOL",443,12
2019,43,"NARRABRI",681,12
2019,43,"NEWCASTLE",573,12
2019,43,"OAKDALE",572,12
2019,43,"ORANGE",578,12
2019,43,"PROSPECT",502,12
2019,43,"RANDWICK",455,12
2019,43,"RICHMOND",534,12
2019,43,"SINGLETON",745,12
2019,43,"STOCKTON",564,12
2019,43,"TAMWORTH",1247,12
2019,43,"WARKWORTH",772,12
2019,43,"WOLLONGONG",394,12
2019,43,"WYBONG",622,12
2019,43,"WYONG",436,12
2019,44,"ABERDEEN",641,13
2019,44,"ALBURY",417,13
2019,44,"ARMIDALE",824,13
2019,44,"BARGO",750,13
2019,44,"BATHURST",614,13
2019,44,"BERESFIELD",1761,13
2019,44,"BRINGELLY",1004,13
2019,44,"BULGA",825,13
2019,44,"CAMBERWELL",915,13
2019,44,"CAMDEN",841,13
2019,44,"CARRINGTON",1146,13
2019,44,"CHULLORA",1098,13
2019,44,"EARLWOOD",1078,13
2019,44,"GOULBURN",-7,13
2019,44,"GUNNEDAH",452,13
2019,44,"LIVERPOOL",938,13
2019,44,"NARRABRI",469,13
2019,44,"NEWCASTLE",1181,13
2019,44,"OAKDALE",736,13
2019,44,"ORANGE",787,13
2019,44,"PROSPECT",1150,13
2019,44,"RANDWICK",1110,13
2019,44,"RICHMOND",909,13
2019,44,"SINGLETON",956,13
2019,44,"STOCKTON",1387,13
2019,44,"TAMWORTH",723,13
2019,44,"WARKWORTH",903,13
2019,44,"WOLLONGONG",795,13
2019,44,"WYBONG",564,13
2019,44,"WYONG",1230,13
2019,45,"ABERDEEN",465,14
2019,45,"ALBURY",168,14
2019,45,"ARMIDALE",3203,14
2019,45,"BARGO",352,14
2019,45,"BATHURST",242,14
2019,45,"BERESFIELD",788,14
2019,45,"BRINGELLY",357,14
2019,45,"BULGA",433,14
2019,45,"CAMBERWELL",798,14
2019,45,"CAMDEN",355,14
2019,45,"CARRINGTON",627,14
2019,45,"CHULLORA",612,14
2019,45,"EARLWOOD",613,14
2019,45,"GOULBURN",265,14
2019,45,"GUNNEDAH",545,14
2019,45,"LIVERPOOL",351,14
2019,45,"NARRABRI",724,14
2019,45,"NEWCASTLE",587,14
2019,45,"OAKDALE",347,14
2019,45,"ORANGE",213,14
2019,45,"PROSPECT",558,14
2019,45,"RANDWICK",437,14
2019,45,"RICHMOND",468,14
2019,45,"SINGLETON",596,14
2019,45,"STOCKTON",801,14
2019,45,"TAMWORTH",611,14
2019,45,"WARKWORTH",486,14
2019,45,"WOLLONGONG",310,14
2019,45,"WYBONG",451,14
2019,45,"WYONG",982,14
2019,46,"ABERDEEN",701,15
2019,46,"ALBURY",252,15
2019,46,"ARMIDALE",2683,15
2019,46,"BARGO",689,15
2019,46,"BATHURST",610,15
2019,46,"BERESFIELD",1156,15
2019,46,"BRINGELLY",1091,15
2019,46,"BULGA",800,15
2019,46,"CAMBERWELL",1103,15
2019,46,"CAMDEN",1017,15
2019,46,"CARRINGTON",734,15
2019,46,"CHULLORA",785,15
2019,46,"EARLWOOD",681,15
2019,46,"GOULBURN",358,15
2019,46,"GUNNEDAH",743,15
2019,46,"LIVERPOOL",752,15
2019,46,"NARRABRI",839,15
2019,46,"NEWCASTLE",722,15
2019,46,"OAKDALE",899,15
2019,46,"ORANGE",712,15
2019,46,"PROSPECT",1019,15
2019,46,"RANDWICK",621,15
2019,46,"RICHMOND",1755,15
2019,46,"SINGLETON",896,15
2019,46,"STOCKTON",950,15
2019,46,"TAMWORTH",1447,15
2019,46,"WARKWORTH",776,15
2019,46,"WOLLONGONG",499,15
2019,46,"WYBONG",637,15
2019,46,"WYONG",720,15
2019,47,"ABERDEEN",871,16
2019,47,"ALBURY",637,16
2019,47,"ARMIDALE",6199,16
2019,47,"BARGO",888,16
2019,47,"BATHURST",1185,16
2019,47,"BERESFIELD",941,16
2019,47,"BRINGELLY",1593,16
2019,47,"BULGA",829,16
2019,47,"CAMBERWELL",1077,16
2019,47,"CAMDEN",1352,16
2019,47,"CARRINGTON",756,16
2019,47,"CHULLORA",2635,16
2019,47,"EARLWOOD",1443,16
2019,47,"GOULBURN",1276,16
2019,47,"GUNNEDAH",1023,16
2019,47,"LIVERPOOL",750,16
2019,47,"NARRABRI",1096,16
2019,47,"NEWCASTLE",772,16
2019,47,"OAKDALE",1579,16
2019,47,"ORANGE",2949,16
2019,47,"PROSPECT",4826,16
2019,47,"RANDWICK",1383,16
2019,47,"RICHMOND",2877,16
2019,47,"SINGLETON",872,16
2019,47,"STOCKTON",879,16
2019,47,"TAMWORTH",1366,16
2019,47,"WARKWORTH",850,16
2019,47,"WOLLONGONG",594,16
2019,47,"WYBONG",895,16
2019,47,"WYONG",1404,16
2019,48,"ABERDEEN",1393,17
2019,48,"ALBURY",267,17
2019,48,"ARMIDALE",1785,17
2019,48,"BARGO",1170,17
2019,48,"BATHURST",1129,17
2019,48,"BERESFIELD",1088,17
2019,48,"BRINGELLY",1327,17
2019,48,"BULGA",1398,17
2019,48,"CAMBERWELL",2010,17
2019,48,"CAMDEN",1553,17
2019,48,"CARRINGTON",1015,17
2019,48,"CHULLORA",1482,17
2019,48,"EARLWOOD",1497,17
2019,48,"GOULBURN",1413,17
2019,48,"GUNNEDAH",1362,17
2019,48,"LIVERPOOL",1081,17
2019,48,"NARRABRI",1423,17
2019,48,"NEWCASTLE",1011,17
2019,48,"OAKDALE",2308,17
2019,48,"ORANGE",1095,17
2019,48,"PROSPECT",992,17
2019,48,"RANDWICK",1198,17
2019,48,"RICHMOND",1174,17
2019,48,"SINGLETON",1464,17
2019,48,"STOCKTON",1279,17
2019,48,"TAMWORTH",1845,17
2019,48,"WARKWORTH",1435,17
2019,48,"WOLLONGONG",679,17
2019,48,"WYBONG",1499,17
2019,48,"WYONG",966,17
2019,49,"ABERDEEN",869,18
2019,49,"ALBURY",298,18
2019,49,"ARMIDALE",5210,18
2019,49,"BARGO",917,18
2019,49,"BATHURST",1496,18
2019,49,"BERESFIELD",1645,18
2019,49,"BRINGELLY",3874,18
2019,49,"BULGA",665,18
2019,49,"CAMBERWELL",1410,18
2019,49,"CAMDEN",3103,18
2019,49,"CARRINGTON",1108,18
2019,49,"CHULLORA",2489,18
2019,49,"EARLWOOD",2356,18
2019,49,"GOULBURN",2459,18
2019,49,"GUNNEDAH",1039,18
2019,49,"LIVERPOOL",1920,18
2019,49,"NARRABRI",679,18
2019,49,"NEWCASTLE",1202,18
2019,49,"OAKDALE",2467,18
2019,49,"ORANGE",2598,18
2019,49,"PROSPECT",2115,18
2019,49,"RANDWICK",1948,18
2019,49,"RICHMOND",2800,18
2019,49,"SINGLETON",1141,18
2019,49,"STOCKTON",1258,18
2019,49,"TAMWORTH",1617,18
2019,49,"WARKWORTH",588,18
2019,49,"WOLLONGONG",540,18
2019,49,"WYBONG",974,18
2019,49,"WYONG",2310,18
2019,50,"ABERDEEN",854,19
2019,50,"ALBURY",445,19
2019,50,"ARMIDALE",2254,19
2019,50,"BARGO",3411,19
2019,50,"BATHURST",1759,19
2019,50,"BERESFIELD",934,19
2019,50,"BRINGELLY",2512,19
2019,50,"BULGA",1475,19
2019,50,"CAMBERWELL",1065,19
2019,50,"CAMDEN",2056,19
2019,50,"CARRINGTON",634,19
2019,50,"CHULLORA",2808,19
2019,50,"EARLWOOD",1886,19
2019,50,"GOULBURN",2693,19
2019,50,"GUNNEDAH",680,19
2019,50,"LIVERPOOL",805,19
2019,50,"NARRABRI",511,19
2019,50,"NEWCASTLE",635,19
2019,50,"OAKDALE",5691,19
2019,50,"ORANGE",2734,19
2019,50,"PROSPECT",3203,19
2019,50,"RANDWICK",2548,19
2019,50,"RICHMOND",3454,19
2019,50,"SINGLETON",999,19
2019,50,"STOCKTON",717,19
2019,50,"TAMWORTH",997,19
2019,50,"WARKWORTH",1353,19
2019,50,"WOLLONGONG",547,19
2019,50,"WYBONG",1176,19
2019,50,"WYONG",1461,19
2019,51,"ABERDEEN",822,20
2019,51,"ALBURY",1580,20
2019,51,"ARMIDALE",4867,20
2019,51,"BARGO",5404,20
2019,51,"BATHURST",2350,20
2019,51,"BERESFIELD",844,20
2019,51,"BRINGELLY",1196,20
2019,51,"BULGA",934,20
2019,51,"CAMBERWELL",802,20
2019,51,"CAMDEN",2039,20
2019,51,"CARRINGTON",641,20
2019,51,"CHULLORA",884,20
2019,51,"EARLWOOD",836,20
2019,51,"GOULBURN",8692,20
2019,51,"GUNNEDAH",1449,20
2019,51,"LIVERPOOL",673,20
2019,51,"NARRABRI",1033,20
2019,51,"NEWCASTLE",574,20
2019,51,"OAKDALE",7595,20
2019,51,"ORANGE",7943,20
2019,51,"PROSPECT",1705,20
2019,51,"RANDWICK",862,20
2019,51,"RICHMOND",1388,20
2019,51,"SINGLETON",455,20
2019,51,"STOCKTON",895,20
2019,51,"TAMWORTH",2363,20
2019,51,"WARKWORTH",1215,20
2019,51,"WOLLONGONG",741,20
2019,51,"WYBONG",1002,20
2019,51,"WYONG",1057,20
2019,52,"ABERDEEN",567,21
2019,52,"ALBURY",1945,21
2019,52,"ARMIDALE",395,21
2019,52,"BARGO",4292,21
2019,52,"BATHURST",1832,21
2019,52,"BERESFIELD",590,21
2019,52,"BRINGELLY",885,21
2019,52,"BULGA",838,21
2019,52,"CAMBERWELL",532,21
2019,52,"CAMDEN",1232,21
2019,52,"CARRINGTON",496,21
2019,52,"CHULLORA",447,21
2019,52,"EARLWOOD",409,21
2019,52,"GOULBURN",6646,21
2019,52,"GUNNEDAH",579,21
2019,52,"LIVERPOOL",404,21
2019,52,"NARRABRI",438,21
2019,52,"NEWCASTLE",430,21
2019,52,"OAKDALE",3538,21
2019,52,"ORANGE",2322,21
2019,52,"PROSPECT",661,21
2019,52,"RANDWICK",418,21
2019,52,"RICHMOND",1725,21
2019,52,"SINGLETON",560,21
2019,52,"STOCKTON",739,21
2019,52,"TAMWORTH",594,21
2019,52,"WARKWORTH",788,21
2019,52,"WOLLONGONG",532,21
2019,52,"WYBONG",657,21
2019,52,"WYONG",380,21
2019,53,"ABERDEEN",125,22
2019,53,"ALBURY",42,22
2019,53,"ARMIDALE",67,22
2019,53,"BARGO",2549,22
2019,53,"BATHURST",244,22
2019,53,"BERESFIELD",127,22
2019,53,"BRINGELLY",198,22
2019,53,"BULGA",137,22
2019,53,"CAMBERWELL",208,22
2019,53,"CAMDEN",306,22
2019,53,"CARRINGTON",175,22
2019,53,"CHULLORA",238,22
2019,53,"EARLWOOD",132,22
2019,53,"GOULBURN",5004,22
2019,53,"GUNNEDAH",62,22
2019,53,"LIVERPOOL",249,22
2019,53,"NARRABRI",42,22
2019,53,"NEWCASTLE",154,22
2019,53,"OAKDALE",881,22
2019,53,"ORANGE",203,22
2019,53,"PROSPECT",316,22
2019,53,"RANDWICK",153,22
2019,53,"RICHMOND",471,22
2019,53,"SINGLETON",138,22
2019,53,"STOCKTON",246,22
2019,53,"TAMWORTH",81,22
2019,53,"WARKWORTH",201,22
2019,53,"WOLLONGONG",172,22
2019,53,"WYBONG",119,22
2019,53,"WYONG",231,22
2020,1,"ABERDEEN",842,23
2020,1,"ALBURY",2088,23
2020,1,"ARMIDALE",1005,23
2020,1,"BARGO",4189,23
2020,1,"BATHURST",1881,23
2020,1,"BERESFIELD",1531,23
2020,1,"BRINGELLY",1932,23
2020,1,"BULGA",783,23
2020,1,"CAMBERWELL",795,23
2020,1,"CAMDEN",2852,23
2020,1,"CARRINGTON",776,23
2020,1,"CHULLORA",1193,23
2020,1,"EARLWOOD",1113,23
2020,1,"GOULBURN",11580,23
2020,1,"GUNNEDAH",653,23
2020,1,"LIVERPOOL",445,23
2020,1,"NARRABRI",556,23
2020,1,"NEWCASTLE",764,23
2020,1,"OAKDALE",3512,23
2020,1,"ORANGE",2888,23
2020,1,"PROSPECT",1279,23
2020,1,"RANDWICK",1105,23
2020,1,"RICHMOND",1903,23
2020,1,"SINGLETON",804,23
2020,1,"STOCKTON",976,23
2020,1,"TAMWORTH",794,23
2020,1,"WARKWORTH",1011,23
2020,1,"WOLLONGONG",804,23
2020,1,"WYBONG",994,23
2020,1,"WYONG",1047,23
2020,2,"ABERDEEN",1033,24
2020,2,"ALBURY",2299,24
2020,2,"ARMIDALE",521,24
2020,2,"BARGO",2366,24
2020,2,"BATHURST",1318,24
2020,2,"BERESFIELD",851,24
2020,2,"BRINGELLY",2035,24
2020,2,"BULGA",623,24
2020,2,"CAMBERWELL",715,24
2020,2,"CAMDEN",2120,24
2020,2,"CARRINGTON",742,24
2020,2,"CHULLORA",1525,24
2020,2,"EARLWOOD",1387,24
2020,2,"GOULBURN",2799,24
2020,2,"GUNNEDAH",622,24
2020,2,"LIVERPOOL",832,24
2020,2,"NARRABRI",703,24
2020,2,"NEWCASTLE",799,24
2020,2,"OAKDALE",2310,24
2020,2,"ORANGE",1735,24
2020,2,"PROSPECT",1528,24
2020,2,"RANDWICK",1281,24
2020,2,"RICHMOND",1918,24
2020,2,"SINGLETON",658,24
2020,2,"STOCKTON",952,24
2020,2,"TAMWORTH",818,24
2020,2,"WARKWORTH",870,24
2020,2,"WOLLONGONG",1186,24
2020,2,"WYBONG",1359,24
2020,2,"WYONG",863,24
2020,3,"ABERDEEN",495,25
2020,3,"ALBURY",1212,25
2020,3,"ARMIDALE",199,25
2020,3,"BARGO",531,25
2020,3,"BATHURST",402,25
2020,3,"BERESFIELD",385,25
2020,3,"BRINGELLY",504,25
2020,3,"BULGA",176,25
2020,3,"CAMBERWELL",453,25
2020,3,"CAMDEN",479,25
2020,3,"CARRINGTON",415,25
2020,3,"CHULLORA",536,25
2020,3,"EARLWOOD",574,25
2020,3,"GOULBURN",759,25
2020,3,"GUNNEDAH",575,25
2020,3,"LIVERPOOL",403,25
2020,3,"NARRABRI",471,25
2020,3,"NEWCASTLE",406,25
2020,3,"OAKDALE",523,25
2020,3,"ORANGE",514,25
2020,3,"PROSPECT",538,25
2020,3,"RANDWICK",631,25
2020,3,"RICHMOND",563,25
2020,3,"SINGLETON",391,25
2020,3,"STOCKTON",564,25
2020,3,"TAMWORTH",448,25
2020,3,"WARKWORTH",479,25
2020,3,"WOLLONGONG",420,25
2020,3,"WYBONG",487,25
2020,3,"WYONG",470,25
2020,4,"ABERDEEN",511,26
2020,4,"ALBURY",348,26
2020,4,"ARMIDALE",181,26
2020,4,"BARGO",1403,26
2020,4,"BATHURST",1122,26
2020,4,"BERESFIELD",745,26
2020,4,"BRINGELLY",1207,26
2020,4,"BULGA",593,26
2020,4,"CAMBERWELL",524,26
2020,4,"CAMDEN",1275,26
2020,4,"CARRINGTON",669,26
2020,4,"CHULLORA",1054,26
2020,4,"EARLWOOD",864,26
2020,4,"GOULBURN",1799,26
2020,4,"GUNNEDAH",493,26
2020,4,"LIVERPOOL",891,26
2020,4,"NARRABRI",335,26
2020,4,"NEWCASTLE",642,26
2020,4,"OAKDALE",1150,26
2020,4,"ORANGE",1073,26
2020,4,"PROSPECT",1233,26
2020,4,"RANDWICK",877,26
2020,4,"RICHMOND",1122,26
2020,4,"SINGLETON",606,26
2020,4,"STOCKTON",907,26
2020,4,"TAMWORTH",537,26
2020,4,"WARKWORTH",637,26
2020,4,"WOLLONGONG",821,26
2020,4,"WYBONG",347,26
2020,4,"WYONG",785,26
2020,5,"ABERDEEN",472,27
2020,5,"ALBURY",770,27
2020,5,"ARMIDALE",309,27
2020,5,"BARGO",759,27
2020,5,"BATHURST",669,27
2020,5,"BERESFIELD",569,27
2020,5,"BRINGELLY",747,27
2020,5,"BULGA",522,27
2020,5,"CAMBERWELL",556,27
2020,5,"CAMDEN",776,27
2020,5,"CARRINGTON",493,27
2020,5,"CHULLORA",674,27
2020,5,"EARLWOOD",551,27
2020,5,"GOULBURN",792,27
2020,5,"GUNNEDAH",484,27
2020,5,"LIVERPOOL",514,27
2020,5,"NARRABRI",421,27
2020,5,"NEWCASTLE",490,27
2020,5,"OAKDALE",775,27
2020,5,"ORANGE",753,27
2020,5,"PROSPECT",776,27
2020,5,"RANDWICK",511,27
2020,5,"RICHMOND",734,27
2020,5,"SINGLETON",518,27
2020,5,"STOCKTON",642,27
2020,5,"TAMWORTH",315,27
2020,5,"WARKWORTH",605,27
2020,5,"WOLLONGONG",474,27
2020,5,"WYBONG",531,27
2020,5,"WYONG",517,27
2020,6,"ABERDEEN",163,28
2020,6,"ALBURY",740,28
2020,6,"ARMIDALE",58,28
2020,6,"BARGO",300,28
2020,6,"BATHURST",131,28
2020,6,"BERESFIELD",259,28
2020,6,"BRINGELLY",305,28
2020,6,"BULGA",156,28
2020,6,"CAMBERWELL",130,28
2020,6,"CAMDEN",286,28
2020,6,"CARRINGTON",397,28
2020,6,"CHULLORA",266,28
2020,6,"EARLWOOD",261,28
2020,6,"GOULBURN",325,28
2020,6,"GUNNEDAH",317,28
2020,6,"LIVERPOOL",193,28
2020,6,"NARRABRI",98,28
2020,6,"NEWCASTLE",373,28
2020,6,"OAKDALE",312,28
2020,6,"ORANGE",135,28
2020,6,"PROSPECT",303,28
2020,6,"RANDWICK",355,28
2020,6,"RICHMOND",260,28
2020,6,"SINGLETON",164,28
2020,6,"STOCKTON",858,28
2020,6,"TAMWORTH",95,28
2020,6,"WARKWORTH",259,28
2020,6,"WOLLONGONG",334,28
2020,6,"WYBONG",173,28
2020,6,"WYONG",274,28
2020,7,"ABERDEEN",215,29
2020,7,"ALBURY",244,29
2020,7,"ARMIDALE",99,29
2020,7,"BARGO",257,29
2020,7,"BATHURST",169,29
2020,7,"BERESFIELD",270,29
2020,7,"BRINGELLY",286,29
2020,7,"BULGA",238,29
2020,7,"CAMBERWELL",250,29
2020,7,"CAMDEN",262,29
2020,7,"CARRINGTON",305,29
2020,7,"CHULLORA",265,29
2020,7,"EARLWOOD",244,29
2020,7,"GOULBURN",282,29
2020,7,"GUNNEDAH",364,29
2020,7,"LIVERPOOL",227,29
2020,7,"NARRABRI",109,29
2020,7,"NEWCASTLE",328,29
2020,7,"OAKDALE",303,29
2020,7,"ORANGE",182,29
2020,7,"PROSPECT",295,29
2020,7,"RANDWICK",300,29
2020,7,"RICHMOND",291,29
2020,7,"SINGLETON",239,29
2020,7,"STOCKTON",521,29
2020,7,"TAMWORTH",144,29
2020,7,"WARKWORTH",302,29
2020,7,"WOLLONGONG",253,29
2020,7,"WYBONG",233,29
2020,7,"WYONG",264,29
2020,8,"ABERDEEN",290,30
2020,8,"ALBURY",288,30
2020,8,"ARMIDALE",200,30
2020,8,"BARGO",325,30
2020,8,"BATHURST",255,30
2020,8,"BERESFIELD",365,30
2020,8,"BRINGELLY",311,30
2020,8,"BULGA",291,30
2020,8,"CAMBERWELL",318,30
2020,8,"CAMDEN",301,30
2020,8,"CARRINGTON",381,30
2020,8,"CHULLORA",269,30
2020,8,"EARLWOOD",249,30
2020,8,"GOULBURN",311,30
2020,8,"GUNNEDAH",412,30
2020,8,"LIVERPOOL",256,30
2020,8,"NARRABRI",234,30
2020,8,"NEWCASTLE",253,30
2020,8,"OAKDALE",341,30
2020,8,"ORANGE",230,30
2020,8,"PROSPECT",315,30
2020,8,"RANDWICK",282,30
2020,8,"RICHMOND",296,30
2020,8,"SINGLETON",287,30
2020,8,"STOCKTON",529,30
2020,8,"TAMWORTH",186,30
2020,8,"WARKWORTH",352,30
2020,8,"WOLLONGONG",269,30
2020,8,"WYBONG",321,30
2020,8,"WYONG",277,30
2020,9,"ABERDEEN",313,31
2020,9,"ALBURY",379,31
2020,9,"ARMIDALE",154,31
2020,9,"BARGO",394,31
2020,9,"BATHURST",398,31
2020,9,"BERESFIELD",361,31
2020,9,"BRINGELLY",386,31
2020,9,"BULGA",326,31
2020,9,"CAMBERWELL",407,31
2020,9,"CAMDEN",385,31
2020,9,"CARRINGTON",348,31
2020,9,"CHULLORA",380,31
2020,9,"EARLWOOD",355,31
2020,9,"GOULBURN",358,31
2020,9,"GUNNEDAH",356,31
2020,9,"LIVERPOOL",410,31
2020,9,"NARRABRI",216,31
2020,9,"NEWCASTLE",421,31
2020,9,"OAKDALE",354,31
2020,9,"ORANGE",298,31
2020,9,"PROSPECT",398,31
2020,9,"RANDWICK",387,31
2020,9,"RICHMOND",379,31
2020,9,"SINGLETON",355,31
2020,9,"STOCKTON",631,31
2020,9,"TAMWORTH",219,31
2020,9,"WARKWORTH",402,31
2020,9,"WOLLONGONG",314,31
2020,9,"WYBONG",326,31
2020,9,"WYONG",348,31
2020,10,"ABERDEEN",176,32
2020,10,"ALBURY",201,32
2020,10,"ARMIDALE",89,32
2020,10,"BARGO",207,32
2020,10,"BATHURST",85,32
2020,10,"BERESFIELD",202,32
2020,10,"BRINGELLY",161,32
2020,10,"BULGA",161,32
2020,10,"CAMBERWELL",182,32
2020,10,"CAMDEN",201,32
2020,10,"CARRINGTON",311,32
2020,10,"CHULLORA",207,32
2020,10,"EARLWOOD",201,32
2020,10,"GOULBURN",218,32
2020,10,"GUNNEDAH",240,32
2020,10,"LIVERPOOL",190,32
2020,10,"NARRABRI",117,32
2020,10,"NEWCASTLE",336,32
2020,10,"OAKDALE",258,32
2020,10,"ORANGE",97,32
2020,10,"PROSPECT",230,32
2020,10,"RANDWICK",245,32
2020,10,"RICHMOND",227,32
2020,10,"SINGLETON",177,32
2020,10,"STOCKTON",557,32
2020,10,"TAMWORTH",115,32
2020,10,"WARKWORTH",256,32
2020,10,"WOLLONGONG",210,32
2020,10,"WYBONG",213,32
2020,10,"WYONG",231,32
2020,11,"ABERDEEN",25,33
2020,11,"ALBURY",33,33
2020,11,"ARMIDALE",5,33
2020,11,"BARGO",32,33
2020,11,"BATHURST",-1,33
2020,11,"BERESFIELD",23,33
2020,11,"BRINGELLY",18,33
2020,11,"BULGA",23,33
2020,11,"CAMBERWELL",24,33
2020,11,"CAMDEN",31,33
2020,11,"CARRINGTON",28,33
2020,11,"CHULLORA",28,33
2020,11,"EARLWOOD",26,33
2020,11,"GOULBURN",36,33
2020,11,"GUNNEDAH",22,33
2020,11,"LIVERPOOL",24,33
2020,11,"NARRABRI",16,33
2020,11,"NEWCASTLE",23,33
2020,11,"OAKDALE",36,33
2020,11,"ORANGE",6,33
2020,11,"PROSPECT",31,33
2020,11,"RANDWICK",28,33
2020,11,"RICHMOND",31,33
2020,11,"SINGLETON",22,33
2020,11,"STOCKTON",44,33
2020,11,"TAMWORTH",-1,33
2020,11,"WARKWORTH",57,33
2020,11,"WOLLONGONG",22,33
2020,11,"WYBONG",36,33
2020,11,"WYONG",27,33
